desmos:FormalConstraint,rdf:type,rdfs:label@it,rdfs:label@en,skos:prefLabel@it,skos:prefLabel@en,skos:altLabel@it,skos:altLabel@en,skos:inScheme,skos:definition@it,skos:definition@en,desmos:constrainsFormalUnit,desmos:constraintOrigin,skos:example@it,skos:example@en,desmos:involvesOperation,skos:broader,skos:related,skos:historyNote@en,skos:historyNote@it,skos:scopeNote@en,skos:scopeNote@it,skos:narrower,skos:closeMatch,skos:prefLabel@fr,skos:altLabel@la,skos:prefLabel@ja
desmos:LD_method,desmos:FormalConstraint | skos:Concept,Metodo LD (Letteratura Definizionale),LD Method (Definitional Literature),Metodo LD (Letteratura Definizionale),LD Method (Definitional Literature),,,desmos:FormalConstraintScheme,"Costrizione formale in cui ogni parola piena (o un sottoinsieme definito) è sostituita dalla propria definizione dizionariale, secondo la tecnica della 'littérature définitionnelle' elaborata da Jean Lescure in seno all'Oulipo.","Formal constraint in which every content word (or a defined subset) is replaced by its dictionary definition, drawing on the 'littérature définitionnelle' technique developed by Jean Lescure within the Oulipo.",desmos:word,desmos:historical,'gatto nero' → 'mammifero domestico di colore scuro': le due parole piene sono sostituite da formulazioni definizionali.,'gatto nero' ('black cat') → 'mammifero domestico di colore scuro' ('domestic mammal of dark color'): the two content words are replaced by definitional formulations.,desmos:substitution,desmos:lexicographic_marker_constraint,,,,,,,,,,
desmos:acrobistic,desmos:FormalConstraint | skos:Concept,Acrobistico,Acrobistic,Acrobistico,Acrobistic,Eco onomastica nelle rime,Rhyme name echo,desmos:FormalConstraintScheme,"Costrizione formale in cui la successione delle rime finali richiama foneticamente, lettera per lettera e nell'ordine, il nome del dedicatario, il cui cognome è ripetuto due volte in forma di acrostico.","Formal constraint in which the sequence of end-rhymes phonetically recalls, letter by letter and in order, the dedicatee's first name, while their surname is repeated twice in the form of an acrostic.",desmos:syllable | desmos:line,desmos:original,"Nel sonetto 'A Jacques Roubaud' di Edoardo Sanguineti, le quattordici rime richiamano foneticamente, nell’ordine, le lettere di 'Jacques Roubaud'; il cognome è inoltre ripreso due volte in forma acrostica.","In Edoardo Sanguineti's sonnet 'A Jacques Roubaud', the fourteen rhymes phonetically echo, in order, the letters of 'Jacques Roubaud'; the surname is also reproduced twice as an acrostic.",desmos:multiplication,,desmos:alliteration | desmos:beau_present,"The constraint was invented by Edoardo Sanguineti in 'a Jacques Roubaud' (2002), 'La regola è questa' (a cura di Raffaele Aragona).","La costrizione è stata inventata da Edoardo Sanguineti in 'a Jacques Roubaud' (2002), 'La regola è questa' (a cura di Raffaele Aragona).","Distinct from the acrostic, which spells the name through the initial letters of the lines, and from the 'beau présent', which restricts the whole text to the dedicatee's letters: here the correspondence is phonetic and bound to the rhyme position. In the realization for Jacques Roubaud the sonnet is chosen precisely because the full name has fourteen letters, matching the sonnet's fourteen lines: the equivalence between number of lines and number of letters is a felicitous fit of the chosen form, not a rule of the constraint.","Distinta dall'acrostico, che compone il nome con le lettere iniziali dei versi, e dal 'beau présent', che vincola l'intero testo alle lettere del dedicatario: qui la corrispondenza è fonetica e legata alla posizione di rima. Nella realizzazione per Jacques Roubaud il sonetto è scelto proprio perché il nome e cognome contano quattordici lettere, pari ai quattordici versi del sonetto: l'equivalenza fra numero di versi e numero di lettere è un incastro felice della forma scelta, non una regola della costrizione.",,,,,
desmos:acronym,desmos:FormalConstraint | skos:Concept,Acronimo,Acronym,Acronimo,Acronym,,,desmos:FormalConstraintScheme,"Costrizione formale che richiede che le lettere iniziali di parole successive formino una parola, un nome o una sequenza fissa prestabilita (per esempio, la sigla di un'organizzazione), da leggere in orizzontale o come filo lessicale nascosto nel testo.","Formal constraint requiring that the initial letters of successive words form a predefined word, name or fixed sequence (e.g. an organization's name), to be read horizontally or as a hidden lexical thread within the text.",desmos:letter,desmos:historical,'Resto oggi molto attento' forma ROMA con le iniziali delle quattro parole.,"In the Italian phrase 'Resto oggi molto attento', the initials of the four words spell ROMA.",desmos:extraction,,desmos:acrostic,,,,,,,,,
desmos:acrostic,desmos:FormalConstraint | skos:Concept,Acrostico,Acrostic,Acrostico,Acrostic,,,desmos:FormalConstraintScheme,"Costrizione formale in cui le lettere iniziali di ogni verso, lette verticalmente, formano una parola o una frase.","Formal constraint in which the initial letters of each line, read vertically, form a word or phrase.",desmos:letter,desmos:historical,"'Ritorna il vento della sera.
Oltre i tetti cala il sole.
Muta lentamente il cielo.
Arriva la notte.' Le iniziali dei quattro versi formano ROMA.","'Returns the evening wind.
Over the rooftops, the sun goes down.
Muted colours fade from the sky.
Evening turns into night.' The initials of the four lines spell ROMA.",desmos:extraction,,desmos:hypogram | desmos:acronym,,,,,desmos:postal_code_acrostic | desmos:poliacrostic | desmos:alphabetical_acrostic | desmos:brivadois_acrostiche,,,,
desmos:alliteration,desmos:FormalConstraint | skos:Concept,Allitterazione,Alliteration,Allitterazione,Alliteration,,,desmos:FormalConstraintScheme,Costrizione formale che impone la ripetizione di uno o più fonemi consonantici o vocalici in posizione iniziale o accentuata di parole foneticamente prossime all'interno di un testo o di una sezione.,Formal constraint requiring the repetition of one or more consonantal or vocalic phonemes in the initial or stressed position of phonetically proximate words within a text or section.,desmos:syllable | desmos:letter,desmos:historical,La sequenza 'Sotto il sole silenzioso' ripete il fonema /s/ in parole foneticamente prossime.,The sequence 'Sotto il sole silenzioso' repeats the phoneme /s/ in nearby words.,desmos:multiplication,,desmos:tautogram | desmos:triple_letter_cluster | desmos:paronomasia | desmos:visual_anaphora | desmos:acrobistic,,,,,,,,,
desmos:alphabetic_set_constraint,desmos:FormalConstraint | skos:Concept,Costrizione sul set alfabetico,Alphabetic-set constraint,Costrizione sul set alfabetico,Alphabetic-set constraint,,,desmos:FormalConstraintScheme,Costrizione formale che regola il sottoinsieme delle lettere dell'alfabeto ammesse nel testo.,Formal constraint that regulates the subset of alphabetical letters allowed in the text.,desmos:letter,desmos:historical,"Con il set alfabetico {A, E, L, M}, 'Emma ama Lea.' usa esclusivamente le lettere ammesse.","With the alphabetic set {A, E, M, T}, 'Emma ate meat.' uses only the permitted letters.",desmos:extraction,,,,,,,desmos:beau_present | desmos:lipogram | desmos:prisoner_constraint,,,,
desmos:alphabetical_acrostic,desmos:FormalConstraint | skos:Concept,Acrostico alfabetico,Alphabetical acrostic,Acrostico alfabetico,Alphabetical acrostic,,,desmos:FormalConstraintScheme,"Costrizione formale in cui le lettere iniziali di versi successivi seguono l'ordine alfabetico, formando una sequenza completa o parziale dell'alfabeto letta verticalmente.","Formal constraint in which the initial letters of successive lines follow alphabetical order, forming a complete or partial sequence of the alphabet when read vertically.",desmos:letter,desmos:historical,"'Alice apre la finestra.
Bianca beve il caffè.
Carlo cerca le chiavi.
Dario dorme ancora.' Le iniziali delle quattro righe seguono la sequenza A-B-C-D.","'Alice arrives early.
Ben brings coffee.
Clara closes doors.
David drives home.' The initials of the four lines follow the sequence A-B-C-D.",desmos:extraction,desmos:acrostic,,,,,,,,,,
desmos:alternating_rhyme,desmos:FormalConstraint | skos:Concept,Rima alternata,Alternating rhyme,Rima alternata,Alternating rhyme,,,desmos:FormalConstraintScheme,Costrizione rimica che impone un andamento alternato delle rime tra versi contigui di una strofa o sezione.,Formal constraint requiring an alternating rhyme pattern across adjacent lines within a stanza or section.,desmos:line | desmos:syllable,desmos:historical,'Il treno entra in stazione / qualcuno chiude il giornale / compare un’indicazione / si apre la porta centrale': stazione/indicazione e giornale/centrale realizzano lo schema ABAB.,'The doors close on the train / a passenger leaves his seat / outside begins the rain / people gather in the street': train/rain and seat/street realize the ABAB scheme.,desmos:multiplication,,desmos:inverted_rhyme | desmos:classical_sonnet,,,,,,,,,
desmos:anagram,desmos:FormalConstraint | skos:Concept,Anagramma,Anagram,Anagramma,Anagram,,,desmos:FormalConstraintScheme,"Costrizione formale che prevede la riorganizzazione delle lettere di una parola o di un sintagma per formarne una nuova, utilizzando tutte le lettere originali.","Formal constraint based on the rearrangement of the letters of a word or phrase to form a new one, while preserving the same set of characters.",desmos:letter,desmos:historical,"'attore' e 'teatro' sono anagrammi, perché contengono esattamente le stesse lettere in ordine diverso.",'attore' and 'teatro' are anagrams because they contain exactly the same letters in a different order.,desmos:displacement,,desmos:buried_word | desmos:metagram | desmos:enigmatic_transformation_chain,,,,,,,,,
desmos:anagraphy,desmos:FormalConstraint | skos:Concept,Anagrafia,Anagraphy,Anagrafia,Anagraphy,,,desmos:FormalConstraintScheme,"Costrizione formale che consiste nel ricomporre un testo preesistente riutilizzandone integralmente le parole e i segni di interpunzione, ma disponendoli in un ordine differente per generare un nuovo significato.","Formal constraint consisting in reconstructing a given text by reusing the exact same words and punctuation marks, but rearranged in a different order to create a new meaning.",desmos:word,desmos:original,'il gatto guarda il cane.' → 'il cane guarda il gatto.': le stesse parole e lo stesso segno di interpunzione sono riordinati senza aggiunte o omissioni.,'the cat watches the dog.' → 'the dog watches the cat.': the same words and punctuation mark are reordered without additions or omissions.,desmos:displacement,,,"The term 'anagraphy' was coined by Salvatore Chierchia in 'L'isola teletrasportata' (1996), 'La Biblioteca Oplepiana' n. 11.","Il termine 'anagrafia' è stato coniato da Salvatore Chierchia in 'L'isola teletrasportata' (1996), 'La Biblioteca Oplepiana' n. 11.",,,,,,,
desmos:antonymic_rewriting,desmos:FormalConstraint | skos:Concept,Riscrittura antonimica,Antonymic rewriting,Riscrittura antonimica,Antonymic rewriting,Poesia antonimica,Antonymic poetry,desmos:FormalConstraintScheme,"Costrizione formale che riscrive un testo di partenza sostituendo le sue unità lessicali con i rispettivi antonimi (o con termini di senso opposto), così che il nuovo testo ne inverte sistematicamente il significato conservandone la struttura.","Formal constraint that rewrites a source text by replacing its lexical units with their antonyms (or with semantically opposite terms), so that the new text systematically inverts the meaning of the original while preserving its structure.",desmos:word,desmos:original,'Il giorno è chiaro e caldo' → 'La notte è scura e fredda': la struttura resta parallela mentre le unità lessicali principali sono sostituite con termini di senso opposto.,'The day is bright and warm' → 'The night is dark and cold': the structure remains parallel while the main lexical units are replaced by semantically opposite terms.,desmos:substitution,,desmos:value_inversion,"The technique of antonymic poetry was developed by Marcel Bénabou, who provided a systematic treatment of it in L'Azur of Mallarmé.",La tecnica della poesia antonimica è stata messa a punto da Marcel Bénabou che ne ha offerto una trattazione sistematica con L'Azur di Mallarmé.,,,,https://oulipo.net/contraintes/traduction-antonymique,,,
desmos:beau_present,desmos:FormalConstraint | skos:Concept,Beau présent,Beau présent,Beau présent,Beau présent,,,desmos:FormalConstraintScheme,Costrizione formale oulipiana in cui ogni verso di un componimento dedicato a una persona è scritto utilizzando esclusivamente le lettere che compongono il nome del destinatario.,Oulipian formal constraint where each line of a poem dedicated to a person is written using only the letters found in the recipient's name.,desmos:letter,desmos:original,"Per MARINA: 'Marina ama i mari.' Il verso utilizza esclusivamente le lettere A, I, M, N e R presenti nel nome della destinataria.","For MELANIE: 'Melanie, I am Elaine.' The sentence uses only the letters A, E, I, L, M and N occurring in the addressee's name.",desmos:subtraction,desmos:alphabetic_set_constraint,desmos:acrobistic,The constraint was invented by the Oulipo.,La costrizione è stata inventata dall'Oulipo.,"The constraint is based on inclusion and, for this reason, the generative mechanism is inverse to that of a lipogram or an alphabetic set constraint.","La costrizione è basata sull'inclusione e, per questo motivo, il meccanismo generativo è inverso a quello del lipogramma o della costrizione sul set alfabetico.",,https://oulipo.net/contraintes/beau-present,Beau présent,,
desmos:bisenso,desmos:FormalConstraint | skos:Concept,Bisenso,Double meaning,Bisenso,Double meaning,,,desmos:FormalConstraintScheme,"Costrizione formale in cui un'unica stringa lessicale inalterata — una parola o una sequenza di parole — produce due letture di significato diverso, ottenute risegmentando la stessa catena di lettere (confini interni di parola, accentazione o punteggiatura).","Formal constraint in which a single unaltered lexical string — a word or a sequence of words — yields two distinct readings of different meaning, produced by re-segmenting the same string of letters (internal word boundaries, accentuation or punctuation).",desmos:word,desmos:historical,"La stringa 'LAGO' può essere letta come 'lago' oppure risegmentata come 'l’ago', producendo due significati distinti senza modificarne le lettere.","The string 'LAGO' may be read as 'lago' ('lake') or resegmented as 'l’ago' ('the needle'), producing two different meanings without changing its letters.",desmos:division,,desmos:homophony,,,,,,,,,
desmos:bisyllabic_text,desmos:FormalConstraint | skos:Concept,Testo bisillabico,Bisyllabic text,Testo bisillabico,Bisyllabic text,,,desmos:FormalConstraintScheme,Costrizione formale che impone a ogni parola del testo di essere bisillabica.,Formal constraint requiring every word of the text to be bisyllabic.,desmos:syllable,desmos:historical,La sequenza 'casa bella' è composta esclusivamente da parole bisillabiche.,The sequence 'casa bella' consists exclusively of two-syllable words.,,desmos:isosyllabic_words,,,,,,,,,,
desmos:brivadois_acrostiche,desmos:FormalConstraint | skos:Concept,Acrostico brivadois,Acrostic brivadois,Acrostico brivadois,Acrostic brivadois,,,desmos:FormalConstraintScheme,"Costrizione formale che sovrappone due meccanismi acrostici: un acrostico verticale iniziale (le lettere iniziali dei versi/paragrafi successivi compongono una parola) e, all'interno di ciascun verso/paragrafo, un acrostico orizzontale in cui le iniziali delle parole successive seguono la sequenza alfabetica.","Formal constraint superimposing two acrostic mechanisms: a vertical initial acrostic (the initial letters of successive verses/paragraphs spell a word) and, within each verse/paragraph, a horizontal acrostic in which the initial letters of successive words follow the alphabetical sequence.",desmos:letter,desmos:original,"'Carlo disegna eteree figure.
Anna beve caffè dolce.
Nora osserva piccoli quadri.
Elena fotografa grandi hotel.' In verticale le iniziali delle righe formano CANE; in orizzontale le iniziali delle parole seguono rispettivamente C-D-E-F, A-B-C-D, N-O-P-Q ed E-F-G-H.","'Charlie drinks espresso freely.
Alice bakes cakes daily.
Nora observes people quietly.
Emma finds good hotels.' Vertically, the line initials spell CANE; horizontally, the word initials follow C-D-E-F, A-B-C-D, N-O-P-Q and E-F-G-H respectively.",desmos:extraction,desmos:acrostic,,"The constraint was invented by the 6e C class of the Collège La Fayette in Brioude (Haute-Loire), under the guidance of their teacher Ouardia Touahri, and was subsequently communicated to Jacques Jouet, who introduced it into Oulipian practice. The qualifier 'brivadois' is the demonym of Brioude.","La costrizione è stata ideata dalla classe 6e C del Collège La Fayette di Brioude (Alta Loira), sotto la guida dell'insegnante Ouardia Touahri, e successivamente comunicata a Jacques Jouet, che l'ha introdotta nella pratica oulipiana. L'aggettivo 'brivadois' è l'etnico di Brioude.",,,,https://oulipo.net/contraintes/acrostiche-brivadois,Acrostiche brivadois,,
desmos:buried_word,desmos:FormalConstraint | skos:Concept,Parola contenuta,Buried word,Parola contenuta,Buried word,,,desmos:FormalConstraintScheme,"Costrizione formale in cui una parola-bersaglio è celata come sottostringa contigua a cavallo del confine fra due o più parole del testo di superficie, recuperabile ignorando spazi e punteggiatura.","Formal constraint in which a target word is concealed as a contiguous substring straddling the boundaries between two or more words of the surface text, recoverable by ignoring spacing and punctuation.",desmos:letter,desmos:historical,"Nella sequenza 'priMA REgola', la parola MARE è nascosta a cavallo del confine tra due parole.","In the sequence 'priMA REgola', the word MARE is hidden across the boundary between two words.",desmos:extraction,,desmos:anagram | desmos:hypogram | desmos:mnemonic_fragment,,,"Distinct from the hypogram (letters DISPERSED, non-contiguous) and from the anagram (letters rearranged): here the letters are CONTIGUOUS and merely hidden across word junctures.","Distinto dall'ipogramma (lettere DISPERSE, non contigue) e dall'anagramma (lettere riordinate): qui le lettere sono CONTIGUE e solo celate a cavallo dei confini di parola.",,,,,
desmos:cento,desmos:FormalConstraint | skos:Concept,Centone,Cento,Centone,Cento,,,desmos:FormalConstraintScheme,"Costrizione formale che consiste nel comporre un testo assemblando versi o frammenti preesistenti tratti da uno o più testi/autori, con interventi minimi.","Formal constraint consisting in composing a text by stitching together pre-existing lines or fragments from one or more sources/authors, with minimal alteration.",desmos:line,desmos:historical,"'Nel mezzo del cammin di nostra vita / Solo et pensoso i più deserti campi': i due versi, tratti da opere preesistenti di autori diversi, sono accostati in un nuovo testo.","'Nel mezzo del cammin di nostra vita / Solo et pensoso i più deserti campi': the two lines, taken from pre-existing works by different authors, are juxtaposed in a new text.",desmos:extraction,,desmos:fragmentation | desmos:terminal_word_series,,,,,,,,,
desmos:chained_rhyme,desmos:FormalConstraint | skos:Concept,Rima incatenata,Chained rhyme,Rima incatenata,Chained rhyme,,,desmos:FormalConstraintScheme,"Costrizione formale che impone uno schema rimico che collega terzine successive, in cui il verso centrale di ciascuna terzina rima con il primo e il terzo della terzina seguente (ABA BCB CDC…), così che ogni strofa risulti incatenata alla successiva.","Formal constraint requiring a rhyme pattern linking successive tercets, in which the middle line of each tercet rhymes with the first and third lines of the following one (ABA BCB CDC…), so that each stanza is chained to the next.",desmos:line | desmos:syllable,desmos:historical,"'Guardo da riva il mare / la barca avanza col vento / vorrei anch’io andare // il cielo si muove lento / da lontano sale un canto / poi tutto diventa spento': mare/andare, vento/lento/spento e canto realizzano lo schema ABA BCB.","'I stand beside the sea / a breeze begins to blow / the gulls return to me // the evening settles slow / a bell rings from the town / the last lights start to glow': sea/me, blow/slow/glow and town realize the ABA BCB scheme.",desmos:multiplication,,desmos:tercet,,,,,,,,,
desmos:classical_sonnet,desmos:FormalConstraint | skos:Concept,Sonetto classico,Classical sonnet,Sonetto classico,Classical sonnet,,,desmos:FormalConstraintScheme,"Costrizione formale che impone la forma fissa del sonetto classico (italiano/petrarchesco): quattordici versi endecasillabi disposti in due quartine seguite da due terzine, secondo uno schema rimico fisso (tipicamente ABBA ABBA per le quartine e CDC DCD oppure CDE CDE per le terzine). Combina pertanto tre costrizioni metriche subordinate: la quartina, la terzina e l'endecasillabo.","Formal constraint imposing the fixed form of the classical (Italian/Petrarchan) sonnet: fourteen hendecasyllabic lines arranged in two quatrains followed by two tercets, according to a fixed rhyme scheme (typically ABBA ABBA for the quatrains and CDC DCD or CDE CDE for the tercets). It therefore combines three subordinate metrical constraints: the quatrain, the tercet and the hendecasyllable.",desmos:line | desmos:stanza | desmos:syllable,desmos:historical,"'Voi ch’ascoltate in rime sparse il suono', componimento di apertura dei 'Rerum vulgarium fragmenta' di Francesco Petrarca, costituisce un esempio canonico di sonetto classico.","'Voi ch’ascoltate in rime sparse il suono', the opening poem of Francesco Petrarch's 'Rerum vulgarium fragmenta', is a canonical example of the classical sonnet.",,,desmos:tercet | desmos:quatrain | desmos:alternating_rhyme | desmos:hendecasyllable | desmos:enclosed_rhyme,,,,,,,,,
desmos:colloquial_register_lexicon,desmos:FormalConstraint | skos:Concept,Lessico colloquiale,Colloquial-register lexicon,Lessico colloquiale,Colloquial-register lexicon,,,desmos:FormalConstraintScheme,"Costrizione formale che impone a ogni parola piena di recare l'etichetta 'colloq.' (colloquiale) nel dizionario di riferimento, almeno nell'accezione impiegata.","Formal constraint requiring every content word to bear the label 'colloq.' (colloquial) in the reference dictionary, at least in the sense used.",desmos:word,desmos:original,"In 'I costretti sposi' di Giuseppe Varaldo, ottava 37, 'Nonostante gli impiastri ed i casini / che sforni a vagonate e le cappelle…': sostantivi, aggettivi e verbi recano nel GRADIT la qualifica 'colloq.', almeno nell’accezione impiegata.","In Giuseppe Varaldo's 'I costretti sposi', octave 37, 'Nonostante gli impiastri ed i casini / che sforni a vagonate e le cappelle…': nouns, adjectives and verbs carry the GRADIT label 'colloq.', at least in the sense used.",,desmos:register_lexicon,,,,,,,,,,
desmos:combinatorial_lottery,desmos:FormalConstraint | skos:Concept,Lottomatica combinatoria,Combinatorial lottery procedure,Lottomatica combinatoria,Combinatorial lottery procedure,,,desmos:FormalConstraintScheme,"Costrizione formale generativa che impiega un'enciclopedia del Lotto (repertorio che associa a ciascun numero da 1 a 90 un gruppo di parole) in senso inverso: a partire da una serie numerica prefissata, i numeri di un'estrazione reale del Lotto, si selezionano e combinano le parole dei gruppi lessicali corrispondenti per comporre un testo.","Generative formal constraint that uses a Lotto encyclopedia (a repertoire mapping each number 1–90 to a group of words) in reverse: starting from a fixed numerical series, the numbers of a real lottery draw, the words of the corresponding lexical groups are selected and combined into a text.",desmos:word,desmos:original,"In 'Il barbiere notturno', 'Si pulisce i denti, lo studente, tra una confusione di oggetti…' è costruito dalla cinquina 78-60-35-30-10 della Ruota Nazionale, scegliendo in successione parole dai cinque gruppi lessicali corrispondenti.","In 'Il barbiere notturno', 'Si pulisce i denti, lo studente, tra una confusione di oggetti…' is built from the National Wheel sequence 78-60-35-30-10 by selecting words successively from the five corresponding lexical groups.",desmos:subtraction | desmos:extraction,,,"The constraint was invented by Jacopo Narros in 'Il barbiere notturno. Lottomatica combinatoria' (2018), 'La Biblioteca Oplepiana' n. 42.","La costrizione è stata inventata da Jacopo Narros in 'Il barbiere notturno. Lottomatica combinatoria' (2018), 'La Biblioteca Oplepiana' n. 42.",,,,,,,
desmos:combinatorial_poem,desmos:FormalConstraint | skos:Concept,Poesia combinatoria,Combinatorial poem,Poesia combinatoria,Combinatorial poem,,,desmos:FormalConstraintScheme,"Costrizione formale in cui un testo è generato selezionando indipendentemente, per ciascuna posizione di una struttura predefinita, un elemento da un insieme finito di alternative intercambiabili.","Formal constraint in which a text is generated by independently selecting, for each position in a predefined structure, one element from a finite set of interchangeable alternatives.",desmos:line,desmos:original,"Con {Anna, Luca} × {legge, cerca} × {libri, mappe} si ottengono 2³ = 8 frasi possibili, tra cui 'Anna legge libri' e 'Luca cerca mappe'.","With {Anna, Luca} × {reads, searches for} × {books, maps}, the system generates 2³ = 8 possible sentences, including 'Anna reads books' and 'Luca searches for maps'.",desmos:substitution,,,"The constraint is exemplified by Raymond Queneau's 'Cent mille milliards de poèmes' (1961), described by Queneau as a 'machine à fabriquer des poèmes'. The work consists of ten sonnets whose fourteen lines are printed on independently movable strips: for each of the fourteen positions, the reader can select one of ten alternative lines, generating 10^14 possible sonnets. François Le Lionnais subsequently described the principle underlying the work as 'littérature combinatoire'.","La costrizione trova una realizzazione paradigmatica nei 'Cent mille milliards de poèmes' (1961) di Raymond Queneau, definiti dallo stesso autore una «machine à fabriquer des poèmes». L'opera è costituita da dieci sonetti i cui quattordici versi sono stampati su strisce mobili indipendenti: per ciascuna delle quattordici posizioni il lettore può selezionare uno dei dieci versi alternativi, generando 10^14 sonetti possibili. François Le Lionnais definì successivamente il principio alla base dell'opera nei termini di «littérature combinatoire».","The constraint is based on the combination of alternatives assigned to corresponding positions within a fixed textual structure. Unlike permutation, it does not require the reordering of a given set of elements: the positions remain fixed, while the element occupying each position varies. The number of possible texts depends on the number of alternatives available for each position.","La costrizione si basa sulla combinazione di alternative associate a posizioni corrispondenti all'interno di una struttura testuale fissa. A differenza della permutazione, non richiede il riordinamento di un insieme dato di elementi: le posizioni rimangono fisse, mentre varia l'elemento che occupa ciascuna posizione. Il numero dei testi possibili dipende dal numero di alternative disponibili per ciascuna posizione.",,,,,
desmos:compound_noun_lexicon,desmos:FormalConstraint | skos:Concept,Lessico di nomi composti,Compound-noun lexicon,Lessico di nomi composti,Compound-noun lexicon,,,desmos:FormalConstraintScheme,Costrizione formale che impone a ogni sostantivo del testo di essere un nome composto registrato come tale dal dizionario di riferimento.,Formal constraint requiring every noun of the text to be a compound noun recorded as such by the reference dictionary.,desmos:word,desmos:original,"In 'I costretti sposi' di Giuseppe Varaldo, ottava 3, 'Divenire non può capofamiglia / un sanguecaldo facile a scattare, / ché un bellimbusto… / a un cacasotto nega il benestare': tutti i sostantivi sono nomi composti.","In Giuseppe Varaldo's 'I costretti sposi', octave 3, 'Divenire non può capofamiglia / un sanguecaldo facile a scattare, / ché un bellimbusto… / a un cacasotto nega il benestare': all nouns are compound nouns.",desmos:contraction,desmos:grammatical_category_lexicon,,,,,,,,,,
desmos:crown_of_sonnets,desmos:FormalConstraint | skos:Concept,Corona di sonetti,Crown of sonnets,Corona di sonetti,Crown of sonnets,,,desmos:FormalConstraintScheme,"Costrizione formale che impone un ciclo fisso di quindici sonetti su un unico argomento, in cui l'ultimo verso di ciascun sonetto è ripreso come primo verso del successivo, e il quindicesimo sonetto (sonetto magistrale) è formato, nell'ordine, dagli ultimi versi dei quattordici precedenti.","Formal constraint requiring a fixed cycle of fifteen sonnets on a single subject, in which the last line of each sonnet is repeated as the first line of the following one, and the fifteenth sonnet (the master sonnet) is composed, in order, of the final lines of the preceding fourteen.",desmos:stanza,desmos:original,"Nella 'Corona di sonetti gastronomici', il primo sonetto termina con 'cucina è vero orgoglio nazionale!', verso che apre il successivo: 'Cucina è vero orgoglio nazionale:'. Il quindicesimo sonetto, 'Gastronomia italiana', riunisce i versi finali dei quattordici precedenti.","In 'Corona di sonetti gastronomici', the first sonnet ends with 'cucina è vero orgoglio nazionale!', and the next begins with the same line: 'Cucina è vero orgoglio nazionale:'. The fifteenth sonnet, 'Gastronomia italiana', gathers the final lines of the preceding fourteen.",desmos:multiplication | desmos:extraction,,,,,,,,,,,
desmos:datation_1621_1640_lexicon,desmos:FormalConstraint | skos:Concept,Lessico datato 1621-1640,Lexicon dated 1621-1640,Lessico datato 1621-1640,Lexicon dated 1621-1640,,,desmos:FormalConstraintScheme,"Costrizione formale che impone a ogni parola piena di essere entrata nella lingua, secondo la datazione del dizionario di riferimento, fra il 1621 e il 1640 (gli anni in cui si svolgono le vicende narrate).","Formal constraint requiring every content word to have entered the language, according to the reference dictionary's datation, between 1621 and 1640 (the years in which the novel is set).",desmos:word,desmos:original,"In 'I costretti sposi' di Giuseppe Varaldo, ottava 47, 'Mentre abbini in impervia coesistenza, / con impegno e infrequente limatezza, / l’aristocratica malipotenza…': tutte le parole piene sono datate dal GRADIT fra il 1621 e il 1640.","In Giuseppe Varaldo's 'I costretti sposi', octave 47, 'Mentre abbini in impervia coesistenza, / con impegno e infrequente limatezza, / l’aristocratica malipotenza…': all content words are dated by GRADIT between 1621 and 1640.",,desmos:datation_lexicon,,,,"When the date is preceded by 'av.' (ante), the accepted lemmas are restricted to a tighter ten-year anterior bound (1631-1640).","Quando la data è preceduta da 'av.' (avanti), i lemmi accettati sono ristretti a un limite anteriore più stretto di dieci anni (1631-1640).",,,,,
desmos:datation_1827_1842_lexicon,desmos:FormalConstraint | skos:Concept,Lessico datato 1827-1842,Lexicon dated 1827-1842,Lessico datato 1827-1842,Lexicon dated 1827-1842,,,desmos:FormalConstraintScheme,"Costrizione formale che impone a ogni parola piena di essere entrata nella lingua, secondo la datazione del dizionario di riferimento, fra il 1827 e il 1842 (gli anni della 'Ventisettana' e della 'Quarantana').","Formal constraint requiring every content word to have entered the language, according to the reference dictionary's datation, between 1827 and 1842 (the years of the 'Ventisettana' and 'Quarantana' editions of the novel).",desmos:word,desmos:original,"In 'I costretti sposi' di Giuseppe Varaldo, ottava 48, 'Commistura di epos e umorismo / – sapidezza non certo da sghignazzi! –, / il cui ineccepibile ibridismo…': tutte le parole piene sono datate dal GRADIT fra il 1827 e il 1842.","In Giuseppe Varaldo's 'I costretti sposi', octave 48, 'Commistura di epos e umorismo / – sapidezza non certo da sghignazzi! –, / il cui ineccepibile ibridismo…': all content words are dated by GRADIT between 1827 and 1842.",,desmos:datation_lexicon,,,,"Same 'av.' handling as datation_1621_1640_lexicon, restricting accepted lemmas to 1837-1842.","Stessa gestione di 'av.' del lessico 1621-1640, con restrizione dei lemmi accettati al 1837-1842.",,,,,
desmos:datation_lexicon,desmos:FormalConstraint | skos:Concept,Lessico per datazione,Datation-restricted lexicon,Lessico per datazione,Datation-restricted lexicon,,,desmos:FormalConstraintScheme,"Costrizione formale che restringe il lessico ai lemmi la cui data di ingresso nella lingua, registrata dal dizionario, cade entro una finestra cronologica prestabilita; la finestra può essere comune all'intero testo oppure variare progressivamente da un'unità testuale alla successiva.",Formal constraint restricting the lexicon to lemmas whose recorded date of entry into the language falls within a predefined chronological window; the window may be common to the whole text or vary progressively from one textual unit to the next.,desmos:word,desmos:original,L’ottava 50 dei 'Costretti sposi' di Giuseppe Varaldo vincola il lessico a parole datate dal GRADIT dopo il 1989: 'Non mi sconfinferan lo sfaccimmuso / che imparanoia e blabla oltremisura…'.,Octave 50 of Giuseppe Varaldo's 'I costretti sposi' restricts the lexicon to words dated by GRADIT after 1989: 'Non mi sconfinferan lo sfaccimmuso / che imparanoia e blabla oltremisura…'.,desmos:substitution | desmos:extraction,desmos:lexicographic_marker_constraint,,,,,,desmos:datation_1827_1842_lexicon | desmos:datation_1621_1640_lexicon | desmos:post_1989_lexicon | desmos:progressive_century_datation,,,,
desmos:date_indexed_word_length,desmos:FormalConstraint | skos:Concept,Lunghezza di parola indicizzata alla data,Date-indexed word length,Lunghezza di parola indicizzata alla data,Date-indexed word length,,,desmos:FormalConstraintScheme,Costrizione formale che impone a ogni parola piena un numero di lettere pari a un valore numerico ricavato da una data di calendario (il giorno e/o il mese di un evento di riferimento); quando il giorno supera una soglia le sue cifre vengono sommate per generare le lunghezze ammesse.,Formal constraint requiring each content word to have a number of letters equal to a numeric value derived from a calendar date (the day and/or the month of a reference event); when the day exceeds a threshold its digits are summed to yield admissible lengths.,desmos:word,desmos:original,"Per la data 25/4, le lunghezze ammesse sono 7 (2+5) e 4: 'Vedo mare e cammino' contiene parole piene di 4, 4 e 7 lettere.","For the date 25/4, the permitted lengths are 7 (2+5) and 4: in the Italian example 'Vedo mare e cammino', the content words have 4, 4 and 7 letters.",desmos:extraction,,,,,"For days between 14 and 31 the two digits are summed; therefore both the length equal to the sum and, in some cases, the lengths equal to the individual digits are allowed.","Per i giorni compresi fra 14 e 31 le due cifre sono sommate; sono ammesse quindi sia la lunghezza pari alla somma sia, in alcuni casi, le lunghezze pari alle singole cifre.",,,,,
desmos:defective_verb_lexicon,desmos:FormalConstraint | skos:Concept,Lessico di verbi difettivi,Defective-verb lexicon,Lessico di verbi difettivi,Defective-verb lexicon,,,desmos:FormalConstraintScheme,"Costrizione formale che impone a ogni verbo del testo di essere difettivo, ovvero mancante di alcuni modi o tempi secondo il criterio restrittivo del dizionario di riferimento (es. GRADIT).","Formal constraint requiring every verb of the text to be a defective verb, i.e. lacking some moods or tenses according to the reference dictionary's (e.g. GRADIT) restrictive criterion.",desmos:word,desmos:original,"In 'I costretti sposi' di Giuseppe Varaldo, ottava 1, 'Mentre già fervono i preparativi / per uno sposalizio di paese, / un prete se n’esime…': tutti i verbi impiegati sono difettivi secondo il criterio del GRADIT.","In Giuseppe Varaldo's 'I costretti sposi', octave 1, 'Mentre già fervono i preparativi / per uno sposalizio di paese, / un prete se n’esime…': every verb used is defective according to the GRADIT criterion.",,desmos:grammatical_category_lexicon,,,,,,,,,,
desmos:derogatory_register_lexicon,desmos:FormalConstraint | skos:Concept,Lessico spregiativo,Derogatory-register lexicon,Lessico spregiativo,Derogatory-register lexicon,,,desmos:FormalConstraintScheme,"Costrizione formale che impone a ogni parola piena di recare l'etichetta 'spreg.' (spregiativo) nel dizionario di riferimento, almeno nell'accezione impiegata.","Formal constraint requiring every content word to bear the label 'spreg.' (derogatory) in the reference dictionary, at least in the sense used.",desmos:word,desmos:original,"In 'I costretti sposi' di Giuseppe Varaldo, ottava 40, 'Risciacquatura ahinoi fiorentinesca, / dove saccenta o intriga un’accozzaglia / – benpensante, bavosa o animalesca – / di lecchini, giannizzeri, sbirraglia': le parole piene sono marcate 'spreg.' nel GRADIT.","In Giuseppe Varaldo's 'I costretti sposi', octave 40, 'Risciacquatura ahinoi fiorentinesca, / dove saccenta o intriga un’accozzaglia / – benpensante, bavosa o animalesca – / di lecchini, giannizzeri, sbirraglia': content words are marked 'spreg.' in GRADIT.",,desmos:register_lexicon,,,,,,,,,,
desmos:diatopic_lexicon,desmos:FormalConstraint | skos:Concept,Lessico diatopico,Diatopic lexicon,Lessico diatopico,Diatopic lexicon,,,desmos:FormalConstraintScheme,Costrizione formale che restringe il lessico ai lemmi marcati con una data area regionale o dialettale di provenienza nel dizionario di riferimento.,Formal constraint restricting the lexicon to lemmas marked with a given regional/dialectal area of provenance in the reference dictionary.,desmos:word,desmos:original,"L’ottava 45 dei 'Costretti sposi' di Giuseppe Varaldo usa soltanto parole piene qualificate dal GRADIT come lombarde o milanesi: 'Lui dopo il garibaldi, forloccando, / si svacca come un bamba…'.","Octave 45 of Giuseppe Varaldo's 'I costretti sposi' uses only content words labeled by GRADIT as Lombard or Milanese: 'Lui dopo il garibaldi, forloccando, / si svacca come un bamba…'.",desmos:extraction | desmos:substitution,desmos:lexicographic_marker_constraint,,,,,,desmos:tuscan_lexicon | desmos:lombard_lexicon,,,,
desmos:dispersed_name,desmos:FormalConstraint | skos:Concept,Nome disperso,Dispersed name,Nome disperso,Dispersed name,,,desmos:FormalConstraintScheme,"Costrizione formale in cui le lettere distinte di un nome proprio sono distribuite all'interno di ciascun verso, mentre le lettere distinte di un secondo nome proprio sono distribuite ciclicamente nei passaggi fra versi consecutivi.","Formal constraint in which the distinct letters of one proper name are distributed within each line, while the distinct letters of a second proper name are distributed cyclically across the junctions between consecutive lines.",desmos:letter,desmos:historical,"Nei 'Versi vincolati' dei 'Costretti sposi' di Giuseppe Varaldo le lettere di RENZO ricorrono, in combinazioni differenti, all’interno di ciascun verso, mentre quelle di LUCIA sono distribuite ciclicamente nei passaggi fra un verso e il successivo.","In the 'Versi vincolati' of Giuseppe Varaldo's 'I costretti sposi', the letters of RENZO occur in different combinations within each line, while those of LUCIA are cyclically distributed across the junctions between consecutive lines.",desmos:extraction,desmos:hypogram,,,,"Specialization of hypogram with a double, position-defined reading key (intra-line vs inter-line).",Specializzazione dell'ipogramma con doppia chiave posizionale (intra-verso vs inter-verso).,,,,,
desmos:distich,desmos:FormalConstraint | skos:Concept,Distico,Distich,Distico,Distich,,,desmos:FormalConstraintScheme,"Costrizione formale che impone l’organizzazione del testo in strofe di due versi, solitamente a rima baciata o alternata, che costituiscono un'unità metrica e di senso compiuta.","Formal constraint requiring the text to be organized into two-line stanzas, typically with a rhyming pattern, forming a complete metrical and thematic unit.",desmos:stanza,desmos:historical,I due versi 'Scende la sera lieve / tace la strada breve' costituiscono un distico.,The two lines 'Scende la sera lieve / tace la strada breve' form a couplet.,,,,,,,,,,,,
desmos:embedded_numeral_calculus,desmos:FormalConstraint | skos:Concept,Calcolo dei numeri incorporati,Embedded numeral calculus,Calcolo dei numeri incorporati,Embedded numeral calculus,,,desmos:FormalConstraintScheme,"Costrizione formale che impone l'inserimento di lessemi scelti perché contengono un numerale cardinale incorporato in posizione iniziale o finale di parola (es. NOVE-llino, OTTO-mana, mu-SEI); i numerali in posizione iniziale vengono addizionati e quelli in posizione finale sottratti, secondo un computo progressivo vincolato a raggiungere un valore prefissato.","Formal constraint requiring the insertion of lexemes selected because they embed a cardinal numeral at their initial or final boundary (e.g. NOVE-llino, OTTO-mana, mu-SEI); word-initial numerals are added and word-final numerals are subtracted in a running computation bound to reach a predefined target value.",desmos:word,desmos:original,"'NOVEllino, muSEI, OTTOmana' incorpora NOVE in posizione iniziale (+9), SEI in posizione finale (−6) e OTTO in posizione iniziale (+8), ottenendo il valore 11.","In the Italian sequence 'NOVEllino, muSEI, OTTOmana', NOVE (nine) occurs initially (+9), SEI (six) finally (−6), and OTTO (eight) initially (+8), yielding the target value 11.",desmos:addition,,,"The constraint was invented by Laura Brignoli in 'Che magia l'anniversario' (2015), 'La Biblioteca Oplepiana', n. 40.","La costrizione è stata inventata da Laura Brignoli in 'Che magia l'anniversario' (2015), 'La Biblioteca Oplepiana', n. 40.",,,,,,,
desmos:embedded_proverb,desmos:FormalConstraint | skos:Concept,Proverbio incastonato,Embedded proverb,Proverbio incastonato,Embedded proverb,,,desmos:FormalConstraintScheme,"Costrizione formale che impone a ciascun verso di contenere un proverbio notissimo riprodotto alla lettera nella sua forma canonica attestata, senza inversioni, parafrasi o accorciamenti.","Formal constraint requiring each line to contain a well-known proverb reproduced verbatim in its canonical attested form, without inversion, paraphrase or abridgement.",desmos:word,desmos:historical,"'Chi dorme non piglia pesci, ripeteva sempre mio nonno.' contiene integralmente il proverbio 'Chi dorme non piglia pesci'.","'A stitch in time saves nine, my grandmother always said.' contains the canonical proverb 'A stitch in time saves nine' in full.",desmos:extraction,,desmos:proverbial_shift | desmos:mandatory_sentence,,,"Distinct from proverbial_shift: here the whole proverb is inserted, not its final word used as a lexical pivot.","Distinto dallo slittamento proverbiale: qui s'inserisce l'intero proverbio, non se ne usa la parola finale come perno.",,,,,
desmos:enclosed_rhyme,desmos:FormalConstraint | skos:Concept,Rima incrociata,Enclosed rhyme,Rima incrociata,Enclosed rhyme,,,desmos:FormalConstraintScheme,"Costrizione formale che impone uno schema rimico in cui il primo verso rima con il quarto e il secondo con il terzo (ABBA), racchiudendo di fatto la coppia interna all'interno di una strofa o sezione.","Formal constraint requiring a rhyme pattern where the first and fourth lines rhyme, and the second and third lines rhyme (ABBA), effectively enclosing the inner couplet within a stanza or section.",desmos:line | desmos:syllable,desmos:historical,'Sorge sul prato un fiore / passa leggero il vento / si spegne ogni lamento / e resta vivo il cuore': fiore/cuore e vento/lamento realizzano lo schema ABBA.,'A flower wakes in light / the river moves below / the quiet waters flow / then closes into night': light/night and below/flow realize the ABBA scheme.,desmos:multiplication,,desmos:classical_sonnet | desmos:inverted_rhyme,,,,,,,,,
desmos:english_loanword_lexicon,desmos:FormalConstraint | skos:Concept,Lessico di prestiti inglesi,English-loanword lexicon,Lessico di prestiti inglesi,English-loanword lexicon,,,desmos:FormalConstraintScheme,Costrizione formale che impone a ciascun verso di contenere un prestito inglese marcato 'ingl.' nel dizionario di riferimento.,Formal constraint requiring each line to contain an English loanword marked 'ingl.' in the reference dictionary.,desmos:word,desmos:original,"In 'I costretti sposi' di Giuseppe Varaldo, ottava 6, 'Sposarsi, per gli eroi di ’sta love story, / è una mission impossible, o almeno, / per l’escalation d’atti vessatori / dal primo round…': ciascun verso contiene un prestito inglese.","In Giuseppe Varaldo's 'I costretti sposi', octave 6, 'Sposarsi, per gli eroi di ’sta love story, / è una mission impossible, o almeno, / per l’escalation d’atti vessatori / dal primo round…': each line contains an English loanword.",,desmos:loanword_lexicon,,,,,,,,,,
desmos:enigmatic_transformation_chain,desmos:FormalConstraint | skos:Concept,Catena di combinazioni enigmistiche,Enigmatic transformation chain,Catena di combinazioni enigmistiche,Enigmatic transformation chain,,,desmos:FormalConstraintScheme,"Costrizione formale che genera una catena di parole in cui ciascun elemento è correlato al successivo da una singola operazione enigmistica fra Cambio, Zeppa, Scarto o Anagramma.","Formal constraint generating a chain of words in which each item is related to the next by a single enigmistic operation chosen among change (Cambio), addition of a letter (Zeppa), removal of a letter (Scarto) or anagram (Anagramma).",desmos:letter,desmos:original,"La catena 'mare → male → mela → lame' procede mediante singole trasformazioni successive, combinando cambi di lettera e anagrammi.","The chain 'mare → male → mela → lame' proceeds through single successive transformations, combining letter substitutions and anagrams.",desmos:addition | desmos:displacement | desmos:subtraction | desmos:substitution,,desmos:anagram | desmos:metagram,,,,,,,,,
desmos:enumerating_text,desmos:FormalConstraint | skos:Concept,Testo autodescrittivo numerico,Self-enumerating text,Testo autodescrittivo numerico,Self-enumerating text,Autogramma,Autogram,desmos:FormalConstraintScheme,"Costrizione formale che impone al testo di dichiarare al proprio interno il conteggio esatto di una o più delle unità che lo compongono (tipicamente le occorrenze di ciascuna lettera), in modo che l'enunciato risulti verificato dalla stringa stessa che lo contiene.","Formal constraint requiring a text to declare, within the text itself, the exact count of one or more of its own constituent units (typically the occurrences of each letter), so that the statement is verified by the very string that contains it.",desmos:letter,desmos:original,La frase 'Questa riga contiene cinque parole' contiene effettivamente cinque parole e dichiara quindi correttamente il proprio conteggio.,The sentence 'This line contains five words' contains exactly five words and therefore correctly states its own word count.,,,desmos:fixed_text_length,"The constraint was invented by Aldo Spinelli in 'Di lemmi numerici' (2011), 'La Biblioteca Oplepiana', n. 32, where all punctuation marks are excluded from the letter count, while spaces and punctuation are instead included in the separate global character count of the text.","La costrizione fu inventata da Aldo Spinelli in 'Di lemmi numerici' (2011), 'La Biblioteca Oplepiana', n. 32, dove tutti i segni di interpunzione sono esclusi dal conteggio delle lettere, mentre spazi e interpunzione rientrano invece nel distinto conteggio globale dei caratteri del testo.",,,,,,,
desmos:familiar_register_lexicon,desmos:FormalConstraint | skos:Concept,Lessico familiare,Familiar-register lexicon,Lessico familiare,Familiar-register lexicon,,,desmos:FormalConstraintScheme,"Costrizione formale che impone a ogni parola piena di recare l'etichetta 'fam.' (familiare) nel dizionario di riferimento, almeno nell'accezione impiegata.","Formal constraint requiring every content word to bear the label 'fam.' (familiar) in the reference dictionary, at least in the sense used.",desmos:word,desmos:original,"In 'I costretti sposi' di Giuseppe Varaldo, ottava 36, 'Quando, dopo il paciugo e già bevuto, / spiscioleggiava senza sdarsi mai, / lo scriteriato molto si è sbattuto…': sostantivi, aggettivi e verbi sono marcati 'fam.' nel GRADIT.","In Giuseppe Varaldo's 'I costretti sposi', octave 36, 'Quando, dopo il paciugo e già bevuto, / spiscioleggiava senza sdarsi mai, / lo scriteriato molto si è sbattuto…': nouns, adjectives and verbs are marked 'fam.' in GRADIT.",,desmos:register_lexicon,,,,,,,,,,
desmos:figure_derived_count,desmos:FormalConstraint | skos:Concept,Numero di didascalie ricavato dalla figura,Figure-derived count,Numero di didascalie ricavato dalla figura,Figure-derived count,,,desmos:FormalConstraintScheme,"Costrizione formale in cui il numero di didascalie non è scelto liberamente ma calcolato dalla figura raffigurata stessa, come prodotto di due sue caratteristiche strutturali.","Formal constraint in which the number of captions is not chosen freely but computed from the depicted figure itself, as the product of two of its structural features.",desmos:paragraph,desmos:original,Una figura organizzata in 3 righe e 4 colonne determina 12 didascalie: 3 × 4 = 12.,A figure organized in 3 rows and 4 columns determines 12 captions: 3 × 4 = 12.,desmos:multiplication,,desmos:divergent_captions,,,,,,,,,
desmos:fixed_text_length,desmos:FormalConstraint | skos:Concept,Lunghezza del testo fissa,Fixed text length constraint,Lunghezza del testo fissa,Fixed text length constraint,,,desmos:FormalConstraintScheme,"Costrizione formale che impone una lunghezza esatta del testo, misurata secondo un criterio esplicito.","Formal constraint requiring an exact text length, measured under an explicit criterion.",desmos:page,desmos:historical,'Oggi il gatto dorme tranquillo vicino alla grande finestra aperta.' e 'Domani la pioggia cadrà lenta sopra i tetti della città.' contengono entrambi esattamente dieci parole.,'Today the cat sleeps quietly beside the large open window.' and 'Tomorrow the rain will fall softly across the city rooftops.' both contain exactly ten words.,,,desmos:enumerating_text | desmos:pentamini | desmos:temporal_constraint,,,,,,,,,
desmos:fixed_title_length,desmos:FormalConstraint | skos:Concept,Lunghezza del titolo fissa,Fixed title length constraint,Lunghezza del titolo fissa,Fixed title length constraint,,,desmos:FormalConstraintScheme,"Costrizione formale che impone una lunghezza esatta del titolo, misurata secondo un criterio esplicito.","Formal constraint requiring an exact title length, measured under an explicit criterion.",desmos:line,desmos:historical,"'Mare aperto' e 'Vento caldo' contengono entrambi esattamente dieci lettere, se gli spazi non vengono conteggiati.",'Open Waters' and 'Silent Road' both contain exactly ten letters when spaces are not counted.,,,,,,,,,,,,
desmos:fragmentation,desmos:FormalConstraint | skos:Concept,Frammentazione,Fragmentation,Frammentazione,Fragmentation,Poetica del frammento,Poetics of the fragment,desmos:FormalConstraintScheme,"Costrizione formale che impone di presentare il materiale costitutivo mai per intero ma solo in forma parziale e frammentaria, priva di concatenazione logico-narrativa.","Formal constraint requiring the constitutive material to be presented never as a whole but only in partial, fragmentary form, without logical-narrative concatenation.",desmos:image,desmos:historical,'Una chiave sul tavolo. […] Pioggia contro i vetri. […] La porta già aperta.' presenta soltanto frammenti isolati senza ricostruire la sequenza completa degli eventi.,'A key on the table. […] Rain against the glass. […] The door already open.' presents only isolated fragments without reconstructing the complete sequence of events.,desmos:division | desmos:extraction,,desmos:cento,,,,,,,,,
desmos:french_loanword_lexicon,desmos:FormalConstraint | skos:Concept,Lessico di prestiti francesi,French-loanword lexicon,Lessico di prestiti francesi,French-loanword lexicon,,,desmos:FormalConstraintScheme,Costrizione formale che impone a ciascun verso di contenere un prestito francese marcato 'fr.' nel dizionario di riferimento.,Formal constraint requiring each line to contain a French loanword marked 'fr.' in the reference dictionary.,desmos:word,desmos:original,"In 'I costretti sposi' di Giuseppe Varaldo, ottava 7, 'Chapeau per il grandissimo Manzon, / che prima nel carnet mette un intoppo / a un matrimonio insulso e sans façon; / poi, con non poco aplomb…': ciascun verso contiene un prestito francese.","In Giuseppe Varaldo's 'I costretti sposi', octave 7, 'Chapeau per il grandissimo Manzon, / che prima nel carnet mette un intoppo / a un matrimonio insulso e sans façon; / poi, con non poco aplomb…': each line contains a French loanword.",,desmos:loanword_lexicon,,,,,,,,,,
desmos:german_loanword_lexicon,desmos:FormalConstraint | skos:Concept,Lessico di prestiti tedeschi,German-loanword lexicon,Lessico di prestiti tedeschi,German-loanword lexicon,,,desmos:FormalConstraintScheme,Costrizione formale che impone a ciascun verso di contenere un prestito tedesco marcato 'ted.' nel dizionario di riferimento.,Formal constraint requiring each line to contain a German loanword marked 'ted.' in the reference dictionary.,desmos:word,desmos:original,"In 'I costretti sposi' di Giuseppe Varaldo, ottava 9, 'Opera (achtung!) d’alta narrativa / codesto kolossal ottocentesco / – che dallo Sturm und Drang però deriva –, / nel quale, per il diktat…': ciascun verso contiene un prestito tedesco.","In Giuseppe Varaldo's 'I costretti sposi', octave 9, 'Opera (achtung!) d’alta narrativa / codesto kolossal ottocentesco / – che dallo Sturm und Drang però deriva –, / nel quale, per il diktat…': each line contains a German loanword.",,desmos:loanword_lexicon,,,,,,,,,,
desmos:grammatical_category_lexicon,desmos:FormalConstraint | skos:Concept,Lessico per categoria grammaticale,Grammatical-category lexicon,Lessico per categoria grammaticale,Grammatical-category lexicon,,,desmos:FormalConstraintScheme,"Costrizione formale che impone a tutte le parole piene di una classe di appartenere a un'unica sotto-categoria grammaticale o morfologica registrata dal dizionario di riferimento (es. verbi difettivi, verbi procomplementari, nomi composti), oppure di condividere una definita anomalia grammaticale o ortografica.","Formal constraint requiring every content word of a class to belong to a single grammatical or morphological sub-category recorded by the reference dictionary (e.g. defective verbs, procomplementary verbs, compound nouns), or to share a defined grammatical/orthographic anomaly.",desmos:word,desmos:original,"L’ottava 1 dei 'Costretti sposi' di Giuseppe Varaldo seleziona una specifica categoria grammaticale: tutti i verbi devono essere difettivi secondo il GRADIT ('fervono', 's’esime', 'competa'…).","Octave 1 of Giuseppe Varaldo's 'I costretti sposi' selects a specific grammatical category: every verb must be defective according to GRADIT ('fervono', 's’esime', 'competa'…).",desmos:substitution | desmos:extraction,desmos:lexicographic_marker_constraint,,,,,,desmos:procomplementary_verb_lexicon | desmos:grammatical_exception_lexicon | desmos:defective_verb_lexicon | desmos:compound_noun_lexicon,,,,
desmos:grammatical_exception_lexicon,desmos:FormalConstraint | skos:Concept,Lessico per eccezioni grammaticali,Grammatical/orthographic-exception lexicon,Lessico per eccezioni grammaticali,Grammatical/orthographic-exception lexicon,,,desmos:FormalConstraintScheme,"Costrizione formale che impone a ogni sostantivo del testo di costituire un'eccezione ortografica o grammaticale che contraddice, in qualche misura, una regola generale della lingua (grafie anomale, nomi sovrabbondanti o difettivi, plurali/femminili irregolari).","Formal constraint requiring every noun of the text to constitute an orthographic or grammatical exception that contradicts, to some degree, a general rule of the language (e.g. anomalous spellings, overabundant or defective nouns, irregular plurals/feminines).",desmos:word,desmos:original,"In 'I costretti sposi' di Giuseppe Varaldo, ottava 4, 'soqquadro', 'forestiere', 'familiare', 'mani', 'cuoia' e altri sostantivi sono scelti perché costituiscono eccezioni ortografiche o grammaticali registrate dal GRADIT.","In Giuseppe Varaldo's 'I costretti sposi', octave 4, 'soqquadro', 'forestiere', 'familiare', 'mani', 'cuoia' and other nouns are selected because they are orthographic or grammatical exceptions recorded by GRADIT.",,desmos:grammatical_category_lexicon,,,,,,,,,,
desmos:handwritten_realization,desmos:FormalConstraint | skos:Concept,Realizzazione autografa,Handwritten realization constraint,Realizzazione autografa,Handwritten realization constraint,,,desmos:FormalConstraintScheme,"Costrizione formale che impone la realizzazione del testo come iscrizione autografa manuale anziché composta a stampa, vincolando l'esecuzione grafica dei caratteri.","Formal constraint requiring the text to be realized as an autograph handwritten inscription rather than typeset, so that the graphic execution of the characters is itself bound.",desmos:typography,desmos:original,"In 'Auto-ritratto con augurio' di Valerio Magrelli, la performance prevedeva di tracciare a carboncino il motto scelto su una parete bianca e di cancellarlo dopo ventiquattr’ore.","In Valerio Magrelli's 'Auto-ritratto con augurio', the performance required the chosen motto to be traced in charcoal on a white wall and erased after twenty-four hours.",,,,,,,,,,,,
desmos:hendecasyllable,desmos:FormalConstraint | skos:Concept,Endecasillabo,Hendecasyllable,Endecasillabo,Hendecasyllable,,,desmos:FormalConstraintScheme,Costrizione metrica che impone l’uso di versi di undici sillabe.,Formal constraint requiring lines of eleven syllables.,desmos:line | desmos:syllable,desmos:historical,'Nel mezzo del cammin di nostra vita' è un verso endecasillabo.,'Nel mezzo del cammin di nostra vita' is a hendecasyllabic line.,,,desmos:classical_sonnet | desmos:sdrucciola_hendecasyllable | desmos:iambic_hendecasyllable,,,,,,,,,
desmos:heterogeneous_register_lexicon,desmos:FormalConstraint | skos:Concept,Lessico ibrido espressivo,Heterogeneous-register lexicon,Lessico ibrido espressivo,Heterogeneous-register lexicon,,,desmos:FormalConstraintScheme,"Costrizione formale che impone a tutte le parole piene di un dato verso di condividere una qualifica espressiva, mentre ciascun verso ne adotta una diversa, senza ordine prestabilito fra i versi.","Formal constraint requiring all content words of a given line to share one expressive label, while each line adopts a different label, with no prescribed order among lines.",desmos:word,desmos:original,"In 'I costretti sposi' di Giuseppe Varaldo, ottava 44, ciascun verso adotta una diversa marca espressiva del GRADIT: nell’ordine gergale, iperbolica, familiare, colloquiale, ironica, spregiativa, popolare e scherzosa.","In Giuseppe Varaldo's 'I costretti sposi', octave 44, each line adopts a different GRADIT expressive label: slang, hyperbolic, familiar, colloquial, ironic, derogatory, popular and jocular, in that order.",,desmos:register_lexicon,,,,,,,,,,
desmos:heterogram,desmos:FormalConstraint | skos:Concept,Eterogramma,Heterogram,Eterogramma,Heterogram,,,desmos:FormalConstraintScheme,Costrizione formale che impone la scrittura di una parola in cui nessuna lettera si ripete.,Formal constraint requiring a word in which no letter is repeated.,desmos:letter,desmos:historical,'centrifugo' è un eterogramma: nessuna delle sue dieci lettere si ripete.,'centrifugo' is a heterogram: none of its ten letters is repeated.,desmos:subtraction,,desmos:heterolexical_writing,,,,,,,,,
desmos:heterolexical_writing,desmos:FormalConstraint | skos:Concept,Scrittura eterolessicale,Heterolexical writing,Scrittura eterolessicale,Heterolexical writing,,,desmos:FormalConstraintScheme,"Costrizione formale che vieta la ripetizione di una stessa parola (inclusi articoli, congiunzioni e preposizioni) all'interno del medesimo testo o segmento testuale.","Formal constraint requiring the non-repetition of any word (including articles, conjunctions, and prepositions) throughout the entire text or text segment, ensuring that each word token is unique.",desmos:word,desmos:original,La frase 'Ogni sera Marco legge libri nuovi' non ripete alcuna parola.,The sentence 'Ogni sera Marco legge libri nuovi' does not repeat any word.,desmos:subtraction,,desmos:heterogram,,,,,,,,,
desmos:homographic_translation,desmos:FormalConstraint | skos:Concept,Traduzione omografica,Homographic translation,Traduzione omografica,Homographic translation,,,desmos:FormalConstraintScheme,"Costrizione bilingue che produce due testi, ciascuno in una lingua diversa, a partire da una medesima sequenza grafica: la stessa stringa di lettere viene segmentata in modi differenti, generando due letture linguistiche autonome.","Formal constraint that produces two texts, each in a different language, from the same written sequence: the same letter string is segmented differently, yielding two autonomous linguistic readings.",desmos:letter,desmos:original,"In 'Forme For me', la stessa sequenza grafica è segmentata in due lingue: 'Lo vedi, / paga in amore, / tremo rapita' corrisponde a 'Love dip, / again a more tremor: / a pit, a…'.","In 'Forme For me', the same graphic sequence is segmented into two languages: 'Lo vedi, / paga in amore, / tremo rapita' corresponds to 'Love dip, / again a more tremor: / a pit, a…'.",desmos:division,,,"The constraint was invented by Elena Addòmine in 'Forme For me' (1994), 'La Biblioteca Oplepiana' n. 7.","La costrizione è stata inventata da Elena Addòmine in 'Forme For me' (1994), 'La Biblioteca Oplepiana' n. 7.",,,,,,,
desmos:homonymy,desmos:FormalConstraint | skos:Concept,Omonimia,Homonymy,Omonimia,Homonymy,,,desmos:FormalConstraintScheme,"Costrizione formale che si basa sull'impiego di parole aventi la medesima grafia o pronuncia ma significato diverso, utilizzate come perno generativo per scivolamenti tra piani semantici divergenti.","Formal constraint based on the use of words that share the same spelling or pronunciation but have different meanings, used as a generative pivot to shift between divergent semantic planes.",desmos:word,desmos:historical,"La parola 'riso' può indicare sia il cereale sia l’atto del ridere, offrendo due significati distinti alla stessa forma.","The Italian word 'riso' may mean either 'rice' or 'laughter', providing two distinct meanings for the same form.",desmos:substitution,,desmos:paronomasia,,,,,,,,,
desmos:homophony,desmos:FormalConstraint | skos:Concept,Omofonia,Homophony,Omofonia,Homophony,,,desmos:FormalConstraintScheme,Costrizione formale fondata sull'identità fonica: una parola o sequenza è fatta coincidere nel suono con un'altra di significato o grafia diversi.,Formal constraint based on phonic identity: a word or sequence is made to coincide in sound with a different word or sequence having a different meaning or spelling.,desmos:word | desmos:syllable,desmos:historical,'anno' e 'hanno' hanno grafia e significato diversi ma la stessa pronuncia.,The Italian words 'anno' and 'hanno' have different spellings and meanings but the same pronunciation.,desmos:substitution,,desmos:paronomasia | desmos:bisenso,,,,,,,,,
desmos:homosyntaxism,desmos:FormalConstraint | skos:Concept,Omosintattismo,Homosyntaxism,Omosintattismo,Homosyntaxism,,,desmos:FormalConstraintScheme,"Costrizione formale che consiste nel prendere una frase di partenza, fare l'analisi grammaticale di ogni sua parola e scrivere una frase del tutto nuova la cui sequenza rispetti esattamente le medesime categorie grammaticali, parola per parola.","Formal constraint consisting in taking a starting sentence, performing a grammatical analysis of each of its words, and writing a completely new sentence whose sequence exactly respects the same grammatical categories, word by word.",desmos:word,desmos:historical,'Il gatto mangia il pesce' e 'La pioggia bagna la strada' condividono la sequenza articolo–nome–verbo–articolo–nome.,'Il gatto mangia il pesce' and 'La pioggia bagna la strada' share the sequence article–noun–verb–article–noun.,desmos:substitution,,,,,,,desmos:numeric_based_homosyntaxism,https://oulipo.net/contraintes/homomorphisme,Homosyntaxisme,,
desmos:hyperbolic_register_lexicon,desmos:FormalConstraint | skos:Concept,Lessico iperbolico,Hyperbolic-register lexicon,Lessico iperbolico,Hyperbolic-register lexicon,,,desmos:FormalConstraintScheme,"Costrizione formale che impone a ogni parola piena di recare l'etichetta 'iperb.' (iperbolico) nel dizionario di riferimento, almeno nell'accezione impiegata.","Formal constraint requiring every content word to bear the label 'iperb.' (hyperbolic) in the reference dictionary, at least in the sense used.",desmos:word,desmos:original,"In 'I costretti sposi' di Giuseppe Varaldo, ottava 43, 'Per loro una tortura interminabile, / e un’infernale eterna apocalisse, / se un prodigio pazzesco, ma impagabile…': le parole piene sono marcate 'iperb.' nel GRADIT.","In Giuseppe Varaldo's 'I costretti sposi', octave 43, 'Per loro una tortura interminabile, / e un’infernale eterna apocalisse, / se un prodigio pazzesco, ma impagabile…': content words are marked 'iperb.' in GRADIT.",,desmos:register_lexicon,,,,,,,,,,
desmos:hypogram,desmos:FormalConstraint | skos:Concept,Ipogramma,Hypogram,Ipogramma,Hypogram,,,desmos:FormalConstraintScheme,"Costrizione formale in cui le lettere di una parola-chiave nascosta (tipicamente un nome proprio) sono disperse nel testo di superficie e recuperabili tramite una chiave di lettura fissa, secondo la nozione saussuriana di 'parole sotto le parole'.","Formal constraint in which the letters of a hidden key-word (typically a proper name) are dispersed across the surface text and made recoverable through a fixed reading key, following the Saussurean notion of 'words beneath the words'.",desmos:letter,desmos:historical,"In 'Marco suona sempre piano', la terza lettera di ciascuna parola restituisce, nell’ordine, R-O-M-A.","In the Italian sequence 'Marco suona sempre piano', the third letter of each word yields R-O-M-A in order.",desmos:extraction,,desmos:acrostic | desmos:buried_word,"Category studied, among others, by Ferdinand de Saussure, Jean Starobinski and Giulio C. Lepschy.","Categoria studiata, tra gli altri, da Ferdinand de Saussure, Jean Starobinski e Giulio C. Lepschy.",Differs from the acrostic in that the selecting key is not restricted to the initial letters of lines/verses but may be any predefined positional rule applied across the text.,"Si distingue dall'acrostico perché la chiave di selezione non è limitata alle iniziali dei versi/righe, ma può essere una qualsiasi regola posizionale prefissata applicata lungo il testo.",desmos:dispersed_name,,,,
desmos:iambic_hendecasyllable,desmos:FormalConstraint | skos:Concept,Endecasillabo giambico,Iambic hendecasyllable,Endecasillabo giambico,Iambic hendecasyllable,,,desmos:FormalConstraintScheme,"Endecasillabo realizzato con ritmo giambico regolare: gli accenti metrici (ictus) cadono sulle posizioni pari (2ª, 4ª, 6ª, 8ª, 10ª sillaba), con andamento ascendente costante. È una specializzazione ritmica dell'endecasillabo.","Hendecasyllable realized with a regular iambic rhythm: the metrical stresses (ictus) fall on the even syllables (2nd, 4th, 6th, 8th, 10th), producing a steady rising cadence. It is a rhythmic specialization of the hendecasyllable.",desmos:syllable | desmos:line,desmos:historical,"Il verso 'Tra chi fa vita ricca, chi da schiavi' dei 'Costretti sposi' di Giuseppe Varaldo realizza un endecasillabo giambico: Tra(1) CHI(2) fa(3) VÌ(4)-ta(5) RÌC(6)-ca(7) CHI(8) da(9) SCHIÀ(10)-vi(11).","The line 'Tra chi fa vita ricca, chi da schiavi' from Giuseppe Varaldo's 'I costretti sposi' realizes an iambic hendecasyllable: Tra(1) CHI(2) fa(3) VÌ(4)-ta(5) RÌC(6)-ca(7) CHI(8) da(9) SCHIÀ(10)-vi(11).",,,desmos:hendecasyllable,,,,,,,,,
desmos:inverted_rhyme,desmos:FormalConstraint | skos:Concept,Rima invertita,Inverted rhyme,Rima invertita,Inverted rhyme,,,desmos:FormalConstraintScheme,"Costrizione rimica che impone a una sezione di riprodurre in ordine rovesciato lo schema delle rime di una sezione precedente: se la prima strofa rima secondo lo schema ABC, la seconda vi corrisponde specularmente CBA, così che la successione delle rime risulti invertita.","Formal constraint requiring a section to reproduce, in reversed order, the rhyme scheme of a preceding section: if the first stanza rhymes ABC, the second mirrors it as CBA, so that the sequence of rhymes is inverted.",desmos:line | desmos:stanza | desmos:syllable,desmos:historical,"Se una prima terzina termina con 'mare / vento / città' (ABC), una seconda con 'metà / lento / andare' riproduce le stesse rime in ordine inverso (CBA).","If a first tercet ends with 'sea / night / town' (ABC), a second ending with 'down / light / me' reproduces the same rhymes in reverse order (CBA).",desmos:displacement,,desmos:enclosed_rhyme | desmos:alternating_rhyme,,,"The constraint operates on the distributional order of rhymes across lines (rhyme scheme), not on the phonetic reversal of the rhyme-word's phonemes (for which see rather palindrome or anagram).","La costrizione opera sull'ordine di distribuzione delle rime tra i versi (schema rimico), non sull'inversione fonetica dei fonemi della parola-rima (per cui si vedano piuttosto palindromo o anagramma).",,,,,
desmos:ironic_register_lexicon,desmos:FormalConstraint | skos:Concept,Lessico ironico,Ironic-register lexicon,Lessico ironico,Ironic-register lexicon,,,desmos:FormalConstraintScheme,"Costrizione formale che impone a ogni parola piena di recare l'etichetta 'iron.' (ironico) nel dizionario di riferimento, almeno nell'accezione impiegata.","Formal constraint requiring every content word to bear the label 'iron.' (ironic) in the reference dictionary, at least in the sense used.",desmos:word,desmos:original,"In 'I costretti sposi' di Giuseppe Varaldo, ottava 42, 'Certo monumentabile, accipicchia, / del poppante (però immilanesito!) / lo sfucinar delizie, se bevicchia…': le parole piene sono marcate 'iron.' nel GRADIT.","In Giuseppe Varaldo's 'I costretti sposi', octave 42, 'Certo monumentabile, accipicchia, / del poppante (però immilanesito!) / lo sfucinar delizie, se bevicchia…': content words are marked 'iron.' in GRADIT.",,desmos:register_lexicon,,,,,,,,,,
desmos:isosyllabic_words,desmos:FormalConstraint | skos:Concept,Parole isosillabiche,Isosyllabic words,Parole isosillabiche,Isosyllabic words,,,desmos:FormalConstraintScheme,Costrizione formale che impone a ogni parola del testo di avere esattamente lo stesso numero di sillabe; le sequenze unite da elisione contano come parola unica.,Formal constraint requiring every word of the text to have exactly the same number of syllables; sequences joined by elision count as a single word.,desmos:word | desmos:syllable,desmos:original,La sequenza 'Luca compra pane fresco' è isosillabica perché tutte le parole sono bisillabiche.,The sequence 'Luca compra pane fresco' is isosyllabic because all its words have two syllables.,desmos:substitution,,,,,"Isosyllabic restriction operates by excluding (subtraction) from the subset of admissible words all lexical units that do not match the predetermined syllabic span (e.g. monosyllables, bisyllables, trisyllables).","La restrizione isosillabica opera escludendo (sottrazione) dal sottoinsieme delle parole ammissibili tutte le unità lessicali che non corrispondono alla portata sillabica prefissata (es. monosillabi, bisillabi, trisillabi).",desmos:monosyllabic_text | desmos:bisyllabic_text | desmos:trisyllabic_text,,,,
desmos:isovocalism,desmos:FormalConstraint | skos:Concept,Isovocalismo,Isovocalism,Isovocalismo,Isovocalism,,,desmos:FormalConstraintScheme,"Costrizione formale che richiede che ogni parola di un testo (o sezione) riproduca un'unica sequenza ordinata di vocali prestabilita — il suo scheletro vocalico — indipendentemente dalle consonanti interposte; la sequenza fissa può essere composta da vocali identiche o distinte (per es. a-e-a, i-e-u).","Formal constraint requiring every word of a text (or section) to reproduce one and the same predetermined ordered sequence of vowels regardless of the intervening consonants; the fixed sequence may be made of identical or distinct vowels (e.g. a-e-a, i-e-u).",desmos:letter | desmos:word,desmos:original,"Le parole 'catena', 'pantera' e 'candela' condividono lo stesso scheletro vocalico a-e-a.","The words 'catena', 'pantera' and 'candela' share the same vowel skeleton a-e-a.",desmos:multiplication,,desmos:vowel_alternation | desmos:vowel_slide,"The constraint was invented by Domenico D'Oria in 'Kimerik polito-logico' (2006), 'La Biblioteca Oplepiana', n. 26.","La costrizione è stata inventata da Domenico D'Oria in 'Kimerik polito-logico' (2006), 'La Biblioteca Oplepiana', n. 26.",,,,,,,
desmos:jocular_register_lexicon,desmos:FormalConstraint | skos:Concept,Lessico scherzoso,Jocular-register lexicon,Lessico scherzoso,Jocular-register lexicon,,,desmos:FormalConstraintScheme,"Costrizione formale che impone a ogni parola piena di recare l'etichetta 'scherz.' (scherzoso) nel dizionario di riferimento, almeno nell'accezione impiegata.","Formal constraint requiring every content word to bear the label 'scherz.' (jocular) in the reference dictionary, at least in the sense used.",desmos:letter | desmos:word,desmos:original,"In 'I costretti sposi' di Giuseppe Varaldo, ottava 41, 'Una goduria sia l’ambaradan / megagalattico alla meneghina, / sia – pure lei paneropolitan – / del togo baccellier la mogliettina': le parole piene sono marcate 'scherz.' nel GRADIT.","In Giuseppe Varaldo's 'I costretti sposi', octave 41, 'Una goduria sia l’ambaradan / megagalattico alla meneghina, / sia – pure lei paneropolitan – / del togo baccellier la mogliettina': content words are marked 'scherz.' in GRADIT.",,desmos:register_lexicon,,,,,,,,,,
desmos:latin_locution_lexicon,desmos:FormalConstraint | skos:Concept,Lessico di locuzioni latine,Latin-locution lexicon,Lessico di locuzioni latine,Latin-locution lexicon,,,desmos:FormalConstraintScheme,Costrizione formale che impone a ciascun verso di contenere una locuzione latina registrata come lemma autonomo con la doppia indicazione 'loc.' e 'lat.' nel dizionario di riferimento.,Formal constraint requiring each line to contain a Latin locution recorded as an autonomous entry with the double label 'loc.' and 'lat.' in the reference dictionary.,desmos:word,desmos:original,"In 'I costretti sposi' di Giuseppe Varaldo, ottava 12, 'Chi, dal modus vivendi depravato, / causò de facto tutto questo strazio, / in primis minacciando il buon curato, / poi ricorrendo come extrema ratio…': ogni verso contiene una locuzione latina.","In Giuseppe Varaldo's 'I costretti sposi', octave 12, 'Chi, dal modus vivendi depravato, / causò de facto tutto questo strazio, / in primis minacciando il buon curato, / poi ricorrendo come extrema ratio…': each line contains a Latin locution.",,desmos:loanword_lexicon,,,,,,,,,,
desmos:latin_noun_lexicon,desmos:FormalConstraint | skos:Concept,Lessico di sostantivi latini,Latin-noun lexicon,Lessico di sostantivi latini,Latin-noun lexicon,,,desmos:FormalConstraintScheme,Costrizione formale che impone a ogni sostantivo del testo di essere un prestito latino regolarmente registrato come 'lat.' nel dizionario di riferimento.,Formal constraint requiring every noun of the text to be a Latin loanword regularly recorded as 'lat.' in the reference dictionary.,desmos:word,desmos:original,"In 'I costretti sposi' di Giuseppe Varaldo, ottava 11, 'Una summa davvero entusiasmante, / che realizza, dall’incipit famoso / fino all’explicit sapido e ammiccante, / in un continuum…': tutti i sostantivi sono prestiti latini.","In Giuseppe Varaldo's 'I costretti sposi', octave 11, 'Una summa davvero entusiasmante, / che realizza, dall’incipit famoso / fino all’explicit sapido e ammiccante, / in un continuum…': all nouns are Latin loanwords.",,desmos:loanword_lexicon,,,,,,,,,,
desmos:lexical_gap,desmos:FormalConstraint | skos:Concept,Lacuna lessicale,Lexical gap,Lacuna lessicale,Lexical gap,,,desmos:FormalConstraintScheme,"Una tecnica di scrittura in cui alcune lettere vengono rimosse dall'interno delle parole lasciando uno spazio vuoto; queste lettere, se lette in sequenza, formano a loro volta una nuova parola nascosta.","Formal constraint where letters are removed from within words, creating visible gaps; these extracted letters, when reassembled in sequence, constitute a hidden latent word.",desmos:letter,desmos:original,"Nella sequenza 'ca_a p_ne a_are c_sa', le lettere mancanti R-O-M-A possono essere lette in ordine per formare la parola ROMA.","In the sequence 'ca_a p_ne a_are c_sa', the missing letters R-O-M-A can be read in order to form the word ROMA.",desmos:subtraction,,,"The constraint was invented by Paolo Albani in 'Fantasmagorie' (2001), 'La Biblioteca Oplepiana' n. 19.","La costrizione è stata inventata da Paolo Albani in 'Fantasmagorie' (2001), 'La Biblioteca Oplepiana' n. 19.",,,,,,,
desmos:lexicographic_marker_constraint,desmos:FormalConstraint | skos:Concept,Costrizione sul marcatore lessicografico,Lexicographic-marker constraint,Costrizione sul marcatore lessicografico,Lexicographic-marker constraint,,,desmos:FormalConstraintScheme,"Famiglia di costrizioni formali che selezionano il lessico ammesso in base a un'etichetta lessicografica assegnata in un dizionario di riferimento (es. GRADIT) - provenienza, registro, dominio, datazione o categoria grammaticale - sia in modo esaustivo (ogni parola piena reca l'etichetta) sia in modo posizionale (almeno una parola etichettata per unità testuale, es. per verso).","Family of formal constraints that select the admissible lexicon of a text by a lexicographic label assigned in a reference dictionary (e.g. GRADIT) - origin, register, domain, datation or grammatical category - whether applied exhaustively (every content word bears the label) or positionally (at least one labeled word per textual unit, e.g. per line).",desmos:word,desmos:original,"In 'I costretti sposi' di Giuseppe Varaldo, ottava 35, 'Individuo degenere e potente, / con legami più o meno sviluppati…': tutte le parole devono corrispondere a lemmi o accezioni cui il GRADIT assegna l’etichetta 'mat.'.","In Giuseppe Varaldo's 'I costretti sposi', octave 35, 'Individuo degenere e potente, / con legami più o meno sviluppati…': every word must correspond to a GRADIT lemma or sense carrying the label 'mat.'.",desmos:extraction | desmos:substitution,,,,,The constraint operates on a dictionary's metadata rather than on the letter set; it presupposes an explicitly named reference work.,"La costrizione opera sui metadati del dizionario, non sul set di lettere; presuppone un'opera di riferimento esplicitamente dichiarata.",desmos:mathematical_lexicon | desmos:register_lexicon | desmos:loanword_lexicon | desmos:datation_lexicon | desmos:grammatical_category_lexicon | desmos:LD_method | desmos:diatopic_lexicon,,,,
desmos:lipogram,desmos:FormalConstraint | skos:Concept,Lipogramma,Lipogram,Lipogramma,Lipogram,,,desmos:FormalConstraintScheme,Costrizione formale che consiste nel comporre un testo omettendo deliberatamente una lettera.,Formal constraint consisting in composing a text while deliberately omitting a letter.,desmos:letter,desmos:historical,"'Un gatto salta sul muro' è un breve lipogramma in E, perché non contiene la lettera e.",'La casa brucia piano' is a short lipogram in E because it contains no letter e.,desmos:subtraction,desmos:alphabetic_set_constraint,desmos:stolen_letters | desmos:monovocalism,,,,,desmos:lipogram_B | desmos:lipogram_E | desmos:lipogram_O | desmos:lipogram_I | desmos:lipogram_S | desmos:progressive_vocalic_lipogram | desmos:progressive_alphabetical_lipogram | desmos:lipogram_A,,,,
desmos:lipogram_A,desmos:FormalConstraint | skos:Concept,Lipogramma in A,Lipogram in A,Lipogramma in A,Lipogram in A,,,desmos:FormalConstraintScheme,Costrizione formale che consiste nel comporre un testo omettendo deliberatamente la lettera A.,Formal constraint consisting in composing a text while deliberately omitting the letter A.,desmos:letter,desmos:historical,'Il cielo è limpido oggi' è un breve testo che non contiene la lettera a.,'Il vento corre lieve' is a short text containing no letter a.,desmos:subtraction,desmos:lipogram,,,,,,,,,,
desmos:lipogram_B,desmos:FormalConstraint | skos:Concept,Lipogramma in B,Lipogram in B,Lipogramma in B,Lipogram in B,,,desmos:FormalConstraintScheme,Costrizione formale che consiste nel comporre un testo omettendo deliberatamente la lettera B.,Formal constraint consisting in composing a text while deliberately omitting the letter B.,desmos:letter,desmos:historical,'Il cane dorme sul divano' è un breve testo che non contiene la lettera b.,'La casa dorme piano' is a short text containing no letter b.,desmos:subtraction,desmos:lipogram,,,,,,,,,,
desmos:lipogram_E,desmos:FormalConstraint | skos:Concept,Lipogramma in E,Lipogram in E,Lipogramma in E,Lipogram in E,,,desmos:FormalConstraintScheme,Costrizione formale che consiste nel comporre un testo omettendo deliberatamente la lettera E.,Formal constraint consisting in composing a text while deliberately omitting the letter E.,desmos:letter,desmos:historical,'Un gatto salta sul muro' è un breve testo che non contiene la lettera e.,'La casa brucia piano' is a short text containing no letter e.,desmos:subtraction,desmos:lipogram,,,,,,,,,,
desmos:lipogram_I,desmos:FormalConstraint | skos:Concept,Lipogramma in I,Lipogram in I,Lipogramma in I,Lipogram in I,,,desmos:FormalConstraintScheme,Costrizione formale che consiste nel comporre un testo omettendo deliberatamente la lettera I.,Formal constraint consisting in composing a text while deliberately omitting the letter I.,desmos:letter,desmos:historical,'La notte porta un gran freddo' è un breve testo che non contiene la lettera i.,'La casa dorme sotto un sole caldo' is a short text containing no letter i.,desmos:subtraction,desmos:lipogram,,,,,,,,,,
desmos:lipogram_O,desmos:FormalConstraint | skos:Concept,Lipogramma in O,Lipogram in O,Lipogramma in O,Lipogram in O,,,desmos:FormalConstraintScheme,Costrizione formale che consiste nel comporre un testo omettendo deliberatamente la lettera O.,Formal constraint consisting in composing a text while deliberately omitting the letter O.,desmos:letter,desmos:historical,'La sera scende lenta' è un breve testo che non contiene la lettera o.,'La sera scende lenta' is a short text containing no letter o.,desmos:subtraction,desmos:lipogram,,,,,,,,,,
desmos:lipogram_S,desmos:FormalConstraint | skos:Concept,Lipogramma in S,Lipogram in S,Lipogramma in S,Lipogram in S,,,desmos:FormalConstraintScheme,Costrizione formale che consiste nel comporre un testo omettendo deliberatamente la lettera S.,Formal constraint consisting in composing a text while deliberately omitting the letter S.,desmos:letter,desmos:historical,'Il gatto dorme vicino al camino' è un breve testo che non contiene la lettera s.,'Il vento corre piano' is a short text containing no letter s.,desmos:subtraction,desmos:lipogram,,,,,,,,,,
desmos:loanword_lexicon,desmos:FormalConstraint | skos:Concept,Lessico di prestiti,Loanword lexicon,Lessico di prestiti,Loanword lexicon,,,desmos:FormalConstraintScheme,Costrizione formale che seleziona i prestiti in base alla lingua o all'area geografica di provenienza registrata nel dizionario di riferimento.,Formal constraint that selects loanwords by the language or geographical area of provenance recorded in the reference dictionary.,desmos:word,desmos:original,"L’ottava 6 dei 'Costretti sposi' di Giuseppe Varaldo vincola ciascun verso a un prestito inglese del GRADIT, tra cui 'love story', 'mission impossible', 'escalation' e 'round'.","Octave 6 of Giuseppe Varaldo's 'I costretti sposi' requires each line to contain a GRADIT English loanword, including 'love story', 'mission impossible', 'escalation' and 'round'.",desmos:substitution | desmos:extraction,desmos:lexicographic_marker_constraint,,,,,,desmos:german_loanword_lexicon | desmos:english_loanword_lexicon | desmos:french_loanword_lexicon | desmos:spanish_loanword_lexicon | desmos:latin_locution_lexicon | desmos:latin_noun_lexicon | desmos:polyglot_loanword_lexicon,,,,
desmos:lombard_lexicon,desmos:FormalConstraint | skos:Concept,Lessico lombardo/milanese,Lombard/Milanese lexicon,Lessico lombardo/milanese,Lombard/Milanese lexicon,,,desmos:FormalConstraintScheme,"Costrizione formale che impone a ogni parola piena, o almeno all'accezione impiegata, di recare la marca d'area 'lomb.' (lombardo) o, più specificamente, 'milan.' (milanese) nel dizionario di riferimento.","Formal constraint requiring every content word, or at least the sense used, to bear the area label 'lomb.' (Lombard) or, more specifically, 'milan.' (Milanese) in the reference dictionary.",desmos:word,desmos:original,"In 'I costretti sposi' di Giuseppe Varaldo, ottava 45, 'Lui dopo il garibaldi, forloccando, / si svacca come un bamba, mentre ella, / sgomentendosi e molto tripillando…': le parole piene sono marcate 'lomb.' o 'milan.' nel GRADIT.","In Giuseppe Varaldo's 'I costretti sposi', octave 45, 'Lui dopo il garibaldi, forloccando, / si svacca come un bamba, mentre ella, / sgomentendosi e molto tripillando…': content words are marked 'lomb.' or 'milan.' in GRADIT.",,desmos:diatopic_lexicon,,,,,,,,,,
desmos:mandatory_sentence,desmos:FormalConstraint | skos:Concept,Frase obbligata,Mandatory sentence insertion,Frase obbligata,Mandatory sentence insertion,,,desmos:FormalConstraintScheme,Costrizione formale che impone l'inclusione di una o più stringhe testuali specifiche (tipicamente una frase o sintagma fisso) in un punto qualsiasi del testo.,Formal constraint requiring the inclusion of one or more specific textual strings (typically a sentence or fixed phrase) at any position within the text.,desmos:line,desmos:original,"Se la frase obbligatoria è 'Domani parto', il testo 'Ho chiuso la valigia e salutato tutti. Domani parto. Il treno parte alle sette.' soddisfa la costrizione includendola invariata.","If the mandatory string is 'Tomorrow I leave', the text 'I have packed my suitcase and said goodbye to everyone. Tomorrow I leave. The train departs at seven.' satisfies the constraint by including it unchanged.",desmos:addition,,desmos:terminal_word_series | desmos:mnemonic_encoding | desmos:prescribed_line_frame | desmos:embedded_proverb,,,,,,,,,
desmos:martellian_verse,desmos:FormalConstraint | skos:Concept,Verso martelliano,Martellian verse,Verso martelliano,Martellian verse,,,desmos:FormalConstraintScheme,"Costrizione formale che impone l'uso di versi composti da quattordici sillabe, solitamente organizzati in strofe o sezioni.","Formal constraint requiring the use of lines composed of fourteen syllables, typically organized into stanzas or sections.",desmos:line,desmos:original,"Un verso composto da due settenari, per esempio 'La nebbia sale lenta || la sera scende piano', realizza una struttura di 7+7 sillabe.","A line composed of two seven-syllable units, for example 'La nebbia sale lenta || la sera scende piano', realizes a 7+7 syllabic structure.",desmos:multiplication,desmos:septenary_double,,,,,,,,,,
desmos:mathematical_lexicon,desmos:FormalConstraint | skos:Concept,Lessico matematico,Mathematical lexicon,Lessico matematico,Mathematical lexicon,,,desmos:FormalConstraintScheme,"Costrizione formale che impone a ogni parola del testo di essere un termine registrato con l'etichetta di dominio 'mat.' (matematica) nel dizionario di riferimento, eventualmente coniugato o declinato a partire dal lemma-base etichettato.","Formal constraint requiring every word of the text to be a term recorded with the domain label 'mat.' (mathematics) in the reference dictionary, possibly inflected or declined from the labeled base lemma.",desmos:word,desmos:original,"In 'I costretti sposi' di Giuseppe Varaldo, ottava 35, 'Individuo degenere e potente, / con legami più o meno sviluppati / e contorno costante e conseguente…': tutte le parole sono anche termini matematici registrati dal GRADIT con l’etichetta 'mat.'.","In Giuseppe Varaldo's 'I costretti sposi', octave 35, 'Individuo degenere e potente, / con legami più o meno sviluppati / e contorno costante e conseguente…': every word is also a mathematical term recorded by GRADIT with the label 'mat.'.",,desmos:lexicographic_marker_constraint,,,,,,,,,,
desmos:metagram,desmos:FormalConstraint | skos:Concept,Metagramma,Metagram,Metagramma,Metagram,,,desmos:FormalConstraintScheme,"Costrizione formale che consiste nell'avere una parola iniziale e una parola finale tratte da un vocabolario, con lo scopo di modificare progressivamente la prima fino ad arrivare all'ultima.","Formal constraint that consists of having an initial word and a final word drawn from a vocabulary, with the goal of progressively modifying the first until reaching the last.",desmos:letter,desmos:historical,La catena 'CASA → COSA → ROSA → RASA → RANA → LANA' trasforma progressivamente la parola iniziale nella parola finale modificando una lettera alla volta.,The chain 'CASA → COSA → ROSA → RASA → RANA → LANA' progressively transforms the initial word into the final word by changing one letter at a time.,desmos:substitution,,desmos:anagram | desmos:enigmatic_transformation_chain,"The constraint was invented by Lewis Carroll. The first example was published in Vanity Fair, the 29th of March 1879.","La costrizione è stata inventata da Lewis Carroll. Il primo esempio è stato pubblicato su Vanity Fair, il 29 marzo 1879.",,,,,,,
desmos:metric_liposyllabism,desmos:FormalConstraint | skos:Concept,Liposillabismo metrico,Metric liposyllabism,Liposillabismo metrico,Metric liposyllabism,,,desmos:FormalConstraintScheme,Costrizione formale che impone l'omissione sistematica di una specifica sillaba metrica all'interno delle parole.,Formal constraint that requires the systematic omission of a specific metrical syllable from words.,desmos:syllable,desmos:historical,"In 'Poeti scomparsi', il sonetto IV, dedicato a Francesco Petrarca, esclude in ogni verso le sillabe metriche 'fran, ce, sco, pe, trar, ca'; gli altri sonetti eliminano analogamente le sillabe del nome del poeta di volta in volta evocato.","In 'Poeti scomparsi', sonnet IV, devoted to Francesco Petrarca, excludes from every line the metric syllables 'fran, ce, sco, pe, trar, ca'; the other sonnets similarly omit the syllables of the poet's name being evoked.",desmos:subtraction,,,,,,,,,,,
desmos:mnemonic_encoding,desmos:FormalConstraint | skos:Concept,Codifica mnemonica,Mnemonic encoding,Codifica mnemonica,Mnemonic encoding,,,desmos:FormalConstraintScheme,"Costrizione formale in cui una stringa-sorgente esterna (es. l'incipit di un romanzo) è inserita in un nuovo testo tramite una chiave regolare di evidenziazione/selezione, così che la sorgente sia ricostruibile dagli elementi marcati.","Formal constraint in which an external source string (e.g. the incipit of a novel) is inserted within a new text through a regular highlighting/selection key, so that the source can be reconstructed from the marked elements.",desmos:word,desmos:original,"In 'Nel vecchio rione ogni finestra ospita piccole storie mentre la notte avanza', la prima lettera di ogni terza parola restituisce R-O-M-A.","In 'In autumn rivers often seem oddly calm while mist slowly gathers above', the first letter of every third word yields R-O-M-A.",desmos:addition | desmos:substitution,,desmos:mandatory_sentence | desmos:postal_code_acrostic,,,,,desmos:mnemonic_fragment,,,,
desmos:mnemonic_fragment,desmos:FormalConstraint | skos:Concept,Ricostruzione di frammenti mnemonici,Mnemonic fragment reconstruction,Ricostruzione di frammenti mnemonici,Mnemonic fragment reconstruction,,,desmos:FormalConstraintScheme,"Costrizione formale in cui una stringa-sorgente esterna fissa è recuperata, in ordine, da frammenti successivi sepolti a cavallo delle parole di un nuovo testo autonomo.","Formal constraint in which a fixed external source string is recovered, in order, from successive fragments buried across the words of a new self-standing text.",desmos:letter,desmos:original,"Nel frammento 'caRO MAttina', i segmenti RO e MA ricostruiscono nell’ordine la stringa-sorgente ROMA.","In the Italian fragment 'caRO MAttina', the segments RO and MA reconstruct the source string ROMA in order.",desmos:extraction,desmos:mnemonic_encoding,desmos:buried_word,,,"Applies the buried-word mechanism (desmos:buried_word) serially to spell out an external source; differs from the acrostic key (desmos:acrostic), with which it shares the same source (the novel's incipit).","Applica in serie il meccanismo della parola contenuta (desmos:buried_word) per compitare una sorgente esterna; differisce dalla chiave acrostica (desmos:acrostic), con cui condivide la stessa sorgente (l'incipit del romanzo).",,,,,
desmos:monorhyme,desmos:FormalConstraint | skos:Concept,Monorima,Monorhyme,Monorima,Monorhyme,,,desmos:FormalConstraintScheme,Costrizione formale che impone una sequenza di versi che condivide la medesima rima finale.,Formal constraint that requires a sequence of lines to share the same end rhyme.,desmos:line | desmos:syllable,desmos:historical,'Nasce nel prato un fiore / ritorna lieve il cuore / la sera parla d’amore / si spegne piano il dolore': tutti i versi condividono la rima in -ore.,'A bird returns at night / the moon is burning bright / the river catches light / the town has left my sight': all four lines share the same rhyme.,desmos:multiplication,,,,,,,,,,,
desmos:monosyllabic_text,desmos:FormalConstraint | skos:Concept,Testo monosillabico,Monosyllabic text,Testo monosillabico,Monosyllabic text,,,desmos:FormalConstraintScheme,Costrizione formale che impone a ogni parola del testo di essere monosillabica.,Formal constraint requiring every word of the text to be monosyllabic.,desmos:syllable,desmos:historical,La sequenza 'Tu sai che qui sto ben' è composta esclusivamente da parole monosillabiche.,The sequence 'Tu sai che qui sto ben' consists exclusively of monosyllabic words.,,desmos:isosyllabic_words,,,,,,,,,,
desmos:monovocalism,desmos:FormalConstraint | skos:Concept,Monovocalismo,Monovocalism,Monovocalismo,Monovocalism,,,desmos:FormalConstraintScheme,"Costrizione formale che consiste nel comporre un testo utilizzando un'unica vocale per tutta la sua estensione, escludendo sistematicamente le altre quattro.","Formal constraint consisting in composing a text using only one single vowel throughout its entire length, systematically excluding the other four.",desmos:letter,desmos:historical,"'Sempre verde' è un breve esempio di monovocalismo, perché contiene soltanto la vocale e.",'Sempre verde' is a short example of monovocalism because it contains only the vowel e.,desmos:subtraction,,desmos:vowel_alternation | desmos:lipogram,,,The monovocalism can be seen as a multiple-exclusion lipogram: all vowels except one are excluded.,Il monovocalismo può essere visto come un lipogramma a esclusione multipla: tutte le vocali tranne una sono escluse.,desmos:monovocalism_O | desmos:monovocalism_A | desmos:monovocalism_I | desmos:monovocalism_E,,,,
desmos:monovocalism_A,desmos:FormalConstraint | skos:Concept,Monovocalismo in A,Monovocalism in A,Monovocalismo in A,Monovocalism in A,,,desmos:FormalConstraintScheme,"Costrizione formale che consiste nel comporre un testo utilizzando esclusivamente la vocale A per tutta la sua estensione, escludendo sistematicamente le altre quattro vocali.","Formal constraint consisting in composing a text using only the vowel A throughout its entire length, systematically excluding the other four vowels.",desmos:letter,desmos:historical,'La mamma parla' contiene soltanto la vocale a.,'La mamma parla' contains only the vowel a.,desmos:subtraction,desmos:monovocalism,,,,,,,,,,
desmos:monovocalism_E,desmos:FormalConstraint | skos:Concept,Monovocalismo in E,Monovocalism in E,Monovocalismo in E,Monovocalism in E,,,desmos:FormalConstraintScheme,"Costrizione formale che consiste nel comporre un testo utilizzando esclusivamente la vocale E per tutta la sua estensione, escludendo sistematicamente le altre quattro vocali.","Formal constraint consisting in composing a text using only the vowel E throughout its entire length, systematically excluding the other four vowels.",desmos:letter,desmos:historical,'Sempre verde' contiene soltanto la vocale e.,'Sempre verde' contains only the vowel e.,desmos:subtraction,desmos:monovocalism,,,,,,,,,,
desmos:monovocalism_I,desmos:FormalConstraint | skos:Concept,Monovocalismo in I,Monovocalism in I,Monovocalismo in I,Monovocalism in I,,,desmos:FormalConstraintScheme,"Costrizione formale che consiste nel comporre un testo utilizzando esclusivamente la vocale I per tutta la sua estensione, escludendo sistematicamente le altre quattro vocali.","Formal constraint consisting in composing a text using only the vowel I throughout its entire length, systematically excluding the other four vowels.",desmos:letter,desmos:historical,'Vivi lì' contiene soltanto la vocale i.,'Vivi lì' contains only the vowel i.,desmos:subtraction,desmos:monovocalism,,,,,,,,,,
desmos:monovocalism_O,desmos:FormalConstraint | skos:Concept,Monovocalismo in O,Monovocalism in O,Monovocalismo in O,Monovocalism in O,,,desmos:FormalConstraintScheme,"Costrizione formale che consiste nel comporre un testo utilizzando esclusivamente la vocale O per tutta la sua estensione, escludendo sistematicamente le altre quattro vocali.","Formal constraint consisting in composing a text using only the vowel O throughout its entire length, systematically excluding the other four vowels.",desmos:letter,desmos:historical,'Non sono solo' contiene soltanto la vocale o.,'Non sono solo' contains only the vowel o.,desmos:subtraction,desmos:monovocalism,,,,,,,,,,
desmos:morale_elementaire,desmos:FormalConstraint | skos:Concept,Morale elementare,Elementary morality,Morale elementare,Elementary morality,,,desmos:FormalConstraintScheme,"Costrizione formale a forma fissa ideata da Raymond Queneau, articolata in tre parti: un'apertura costruita su gruppi di bimots (sostantivo + aggettivo/participio), con ripetizioni, rime, allitterazioni ed echi ad libitum; un breve intermezzo di sette versi da una a cinque sillabe; una conclusione di bimots che riprende alcune delle parole impiegate nell'apertura.","Fixed-form formal constraint devised by Raymond Queneau, articulated in three parts: an opening built on groups of bimots (noun + adjective/participle), with repetitions, rhymes, alliterations and echoes ad libitum; a short intermezzo of seven lines of one to five syllables; and a closing section of bimots that reprises some of the words used in the opening.",desmos:stanza | desmos:word,desmos:historical,"In 'Morale élémentaire' (1975), Raymond Queneau realizza la forma attraverso una prima parte composta da tre serie di tre gruppi sostantivo-aggettivo, seguite da un ulteriore gruppo isolato; un interludio di sette versi liberi molto brevi; infine, una sezione conclusiva formata da tre gruppi sostantivo-aggettivo e da un ultimo gruppo isolato, che riprende termini della prima parte.","In 'Morale élémentaire' (1975), Raymond Queneau provides an instance of the form: its first section combines nominal groups, followed by the interlude and concluding section prescribed by the structure.",,,,The fixed form was devised by Raymond Queneau in the 1970s and later taken up by the Oulipo (and Oplepo).,La forma fissa fu messa a punto da Raymond Queneau negli anni Settanta e in seguito ripresa dall'Oulipo (e dall'Oplepo).,,,,,Morale élémentaire,,
desmos:mythographic_units,desmos:FormalConstraint | skos:Concept,Mitografemi,Mythographic units,Mitografemi,Mythographic units,,,desmos:FormalConstraintScheme,Costrizione formale che trasforma una sequenza di nomi mitologici in componimento attraverso cesure e punteggiatura: i nomi funzionano come unità grafiche.,Formal constraint that turns a sequence of mythological names into a poem through caesuras and punctuation: the names function as graphic units (graphemes).,desmos:letter,desmos:original,"Una sequenza come 'Anna, perenna - ligia al poter mio' usa nomi mitologici come unità grafiche separate e articolate mediante cesure e punteggiatura (Anna Perenna, Ligia, ALpo, Termio).","A sequence such as 'Anna, perenna - ligia al poter mio' uses mythological names as separate graphic units articulated by pauses and punctuation (Anna Perenna, Ligia, ALpo, Termio).",desmos:division,,,"The constraint was invented by Giuseppe Varaldo in 'Canto tenero' (1992), 'La Biblioteca Oplepiana' n. 3.","La costrizione è stata inventata da Giuseppe Varaldo in 'Canto tenero' (1992), 'La Biblioteca Oplepiana' n. 3.",,,,,,,
desmos:non_repeating_rhyme,desmos:FormalConstraint | skos:Concept,Rima non ripetuta,Non-repeating rhyme,Rima non ripetuta,Non-repeating rhyme,,,desmos:FormalConstraintScheme,Costrizione formale che vieta il riuso di una rima all'interno del componimento: ogni rima compare solo nella posizione assegnata e non è mai ripetuta altrove.,Formal constraint prohibiting the reuse of a rhyme within the composition: each rhyme occurs only in its assigned position and is never repeated elsewhere.,desmos:syllable | desmos:line,desmos:historical,La successione di finali 'fiore / cuore / vento / lento / mare / andare' realizza lo schema AABBCC: ciascuna rima è usata in una sola coppia e non ricompare nelle successive.,The sequence of line endings 'light / night / sea / me / stone / alone' realizes the AABBCC scheme: each rhyme is used in only one pair and does not recur later.,,,,,,,,,,,,
desmos:numeric_based_homosyntaxism,desmos:FormalConstraint | skos:Concept,Omosintattismo su base numerica,Numeric-based homosyntaxism,Omosintattismo su base numerica,Numeric-based homosyntaxism,,,desmos:FormalConstraintScheme,"Costrizione formale che ricava la sequenza sintattica del testo riscritto dalla struttura metrica di un testo di partenza tramite codifica numerica: il numero di sillabe di ogni verso è convertito in un numero in una data base (binaria nel caso attestato) e a ciascuna cifra è assegnata una categoria sintattica (es. 0 = verbo, 1 = sostantivo/aggettivo); il testo è quindi riscritto in modo che, verso per verso, la successione delle parti del discorso segua la sequenza delle cifre.","Formal constraint that derives the syntactic sequence of a rewritten text from the metrical structure of a source poem through numeric encoding: the syllable count of each line is converted into a number in a given base (binary in the attested case) and each digit is mapped to a syntactic category (e.g. 0 = verb, 1 = noun/adjective); the source text is then rewritten so that, line by line, its sequence of parts of speech follows the digit sequence.",desmos:syllable | desmos:line | desmos:word,desmos:original,"5₁₀ = 101₂; associando 1 a nome/aggettivo e 0 a verbo, si ottiene lo schema sintattico N–V–N, realizzabile, ad esempio, come 'Gatti inseguono topi'.","5₁₀ = 101₂; by associating 1 with noun/adjective and 0 with verb, the resulting syntactic pattern is N–V–N, realized, for example, as 'Cats chase mice'.",desmos:substitution,desmos:homosyntaxism,,"The constraint was invented by Sandro Montalto in Binari (2025), Plaquette 57.","La costrizione è stata inventata da Sandro Montalto in Binari (2025), Plaquette 57.",,,,,,,
desmos:octave,desmos:FormalConstraint | skos:Concept,Ottava,Octave,Ottava,Octave,,,desmos:FormalConstraintScheme,"Costrizione strofica che impone l’organizzazione del testo in strofe di otto versi, eventualmente secondo uno schema metrico-rimico prefissato.","Formal constraint requiring the text to be organized into eight-line stanzas, optionally following a predefined metrical/rhyme scheme.",desmos:stanza,desmos:historical,"'Le donne, i cavallier, l’arme, gli amori / le cortesie, l’audaci imprese io canto / che furo al tempo che passaro i Mori / d’Africa il mare, e in Francia nocquer tanto / seguendo l’ire e i giovenil furori / d’Agramante lor re, che si diè vanto / di vendicar la morte di Troiano / sopra re Carlo imperator romano': la prima strofa dell'Orlando furioso di Ludovico Ariosto è un'ottava composta da otto versi.","'Le donne, i cavallier, l’arme, gli amori / le cortesie, l’audaci imprese io canto / che furo al tempo che passaro i Mori / d’Africa il mare, e in Francia nocquer tanto / seguendo l’ire e i giovenil furori / d’Agramante lor re, che si diè vanto / di vendicar la morte di Troiano / sopra re Carlo imperator romano': the opening stanza of Ludovico Ariosto's Orlando furioso is an octave composed of eight lines.",,,,,,,,,,,,
desmos:palindrome,desmos:FormalConstraint | skos:Concept,Palindromo,Palindrome,Palindromo,Palindrome,,,desmos:FormalConstraintScheme,Costrizione formale che richiede la costruzione di una sequenza linguistica che risulti identica se letta da sinistra a destra e viceversa.,Formal constraint requiring a linguistic sequence to be identical when read forward and backward.,desmos:letter,desmos:historical,"'I topi non avevano nipoti', ignorando spazi e maiuscole, si legge allo stesso modo da sinistra a destra e da destra a sinistra.","'I topi non avevano nipoti', ignoring spaces and capitalization, reads the same from left to right and from right to left.",desmos:displacement,,,,,,,,,,,
desmos:panvocalism,desmos:FormalConstraint | skos:Concept,Panvocalismo,Panvocalism,Panvocalismo,Panvocalism,,,desmos:FormalConstraintScheme,"Costrizione formale che richiede di utilizzare parole o frasi che contengono tutte e cinque le vocali (a, e, i, o, u).","Formal constraint that requires using words or phrases that contain all five vowels (a, e, i, o, u).",desmos:letter,desmos:historical,"Nella 'Poesia a lipogrammi vocalici progressivi' (1977) di Italo Calvino, il verso 'Aiuole obliate gialle d’erba, sa' si apre con 'aiuole', parola che contiene tutti e cinque i grafemi vocalici italiani.","In Italo Calvino's 'Poesia a lipogrammi vocalici progressivi' (1977), the line 'Aiuole obliate gialle d’erba, sa' opens with 'aiuole', a word containing all five Italian vowel graphemes.",desmos:addition,,,,,,,,,,,
desmos:paronomasia,desmos:FormalConstraint | skos:Concept,Paronomasia,Paronomasia,Paronomasia,Paronomasia,,Annomination,desmos:FormalConstraintScheme,"Costrizione formale fondata sulla somiglianza fonica, non sull'identità: due o più parole di significato diverso sono accostate in virtù di una sonorità quasi identica (paronimi), così che il lieve scarto fonetico genera una tensione semantica o un gioco di parole (es. traduttore / traditore).","Formal constraint based on phonic similarity rather than identity: two or more words differing in meaning are brought together because their sound is nearly identical (paronyms), so that the slight phonetic difference generates a semantic tension or wordplay (e.g. traduttore / traditore).",desmos:syllable | desmos:word,desmos:historical,La coppia 'traduttore / traditore' accosta parole di significato diverso attraverso una forte somiglianza fonica.,The pair 'traduttore / traditore' juxtaposes words with different meanings through strong phonetic similarity.,desmos:substitution,,desmos:homonymy | desmos:alliteration | desmos:homophony,,,"Unlike homophony (phonic identity) and homonymy (identical spelling or pronunciation), paronomasia rests on the partial phonetic resemblance between distinct words (paronyms).","A differenza dell'omofonia (identità fonica) e dell'omonimia (grafia o pronuncia identiche), la paronomasia si fonda sulla parziale somiglianza fonetica tra parole distinte (paronimi).",,,,Annominatio,
desmos:pentamini,desmos:FormalConstraint | skos:Concept,Pentamini,Pentamini,Pentamini,Pentamini,,,desmos:FormalConstraintScheme,"Costrizione formale in cui le cesure fra parola e parola (separazioni effettive, non meri apostrofi) intervengono almeno ogni cinque lettere, sicché ogni verso è segmentabile in blocchi di cinque lettere; di conseguenza il numero di lettere di ogni verso, e dell'intero testo, è multiplo di cinque.","Formal constraint in which word boundaries (effective separations, not mere apostrophes) fall at least every five letters, so that each line is segmentable into five-letter blocks; consequently the letter count of each line, and of the whole text, is a multiple of five.",desmos:letter,desmos:original,La sequenza 'Maria porta dolci caldi' è articolata in quattro segmenti consecutivi di cinque lettere ciascuno: Maria / porta / dolci / caldi (5-5-5-5).,The sequence 'Alice bakes sweet cakes' is divided into four consecutive five-letter segments: Alice / bakes / sweet / cakes (5-5-5-5).,desmos:division,,desmos:fixed_text_length,,,,,,,,,
desmos:permutation,desmos:FormalConstraint | skos:Concept,Permutazione,Permutation,Permutazione,Permutation,,,desmos:FormalConstraintScheme,"Costrizione formale che richiede la riorganizzazione degli elementi di un insieme (ad esempio lettere, parole, versi) per creare una nuova sequenza.","Formal constraint that requires the rearrangement of the elements of a set (e.g., letters, words, lines) to create a new sequence.",desmos:letter | desmos:line | desmos:word,desmos:historical,A-B-C → B-C-A: i tre elementi sono conservati e disposti in un ordine diverso.,A-B-C → B-C-A: the three elements are preserved and arranged in a different order.,desmos:displacement,,,,,,,,,,,
desmos:poliacrostic,desmos:FormalConstraint | skos:Concept,Poliacrostico,Polyacrostic,Poliacrostico,Polyacrostic,,,desmos:FormalConstraintScheme,"Costrizione formale che estende il principio dell'acrostico a più lettere o parole per verso: ciascun verso inizia (o si costruisce) attorno alla stessa sequenza fissa di caratteri che, lette in sequenza, formano una parola o frase nascosta.","Formal constraint extending the acrostic principle to multiple letters or words per line: each verse begins (or is built around) the same fixed sequence of characters that, read in sequence, forms a hidden word or phrase.",desmos:letter,desmos:historical,,,desmos:extraction,desmos:acrostic,,,,,,,,,,
desmos:polyglot_loanword_lexicon,desmos:FormalConstraint | skos:Concept,Lessico di prestiti poliglotti,Polyglot-loanword lexicon,Lessico di prestiti poliglotti,Polyglot-loanword lexicon,,,desmos:FormalConstraintScheme,"Costrizione formale che impone a ciascun verso di contenere un prestito da una lingua ogni volta diversa, distinta da inglese, francese, spagnolo e tedesco (es. giapponese, russo, ungherese, portoghese, arabo, turco, greco, olandese).","Formal constraint requiring each line to contain a loanword from a different language each time, distinct from English, French, Spanish and German (e.g. Japanese, Russian, Hungarian, Portuguese, Arabic, Turkish, Greek, Dutch).",desmos:word,desmos:original,"In 'I costretti sposi' di Giuseppe Varaldo, ottava 10, 'Questo romantico monogatari, / ma la cui trama è fatta di matrioske, / non senza paprika ed aromi vari, / si snoda tra saudade e imprese losche…': ogni verso contiene un prestito da una lingua diversa.","In Giuseppe Varaldo's 'I costretti sposi', octave 10, 'Questo romantico monogatari, / ma la cui trama è fatta di matrioske, / non senza paprika ed aromi vari, / si snoda tra saudade e imprese losche…': each line contains a loanword from a different language.",,desmos:loanword_lexicon,,,,,,,,,,
desmos:popular_register_lexicon,desmos:FormalConstraint | skos:Concept,Lessico popolare,Popular-register lexicon,Lessico popolare,Popular-register lexicon,,,desmos:FormalConstraintScheme,"Costrizione formale che impone a ogni parola piena di recare l'etichetta 'pop.' (popolare) nel dizionario di riferimento, almeno nell'accezione impiegata.","Formal constraint requiring every content word to bear the label 'pop.' (popular) in the reference dictionary, at least in the sense used.",desmos:word,desmos:original,"In 'I costretti sposi' di Giuseppe Varaldo, ottava 38, 'Fregole, ciucche, fetenzìe, marroni, / posteme e scassamenti sbordellanti / di chiurli, calabrache, mollacchioni…': le parole piene sono marcate 'pop.' nel GRADIT.","In Giuseppe Varaldo's 'I costretti sposi', octave 38, 'Fregole, ciucche, fetenzìe, marroni, / posteme e scassamenti sbordellanti / di chiurli, calabrache, mollacchioni…': content words are marked 'pop.' in GRADIT.",,desmos:register_lexicon,,,,,,,,,,
desmos:post_1989_lexicon,desmos:FormalConstraint | skos:Concept,Lessico del dopo-muro,Post-1989 lexicon,Lessico del dopo-muro,Post-1989 lexicon,,,desmos:FormalConstraintScheme,"Costrizione formale che impone a ogni parola piena una data d'ingresso nella lingua, secondo il dizionario di riferimento, successiva al 1989 (la caduta del Muro di Berlino assunta come spartiacque).","Formal constraint requiring every content word to have a date of entry into the language, according to the reference dictionary, subsequent to 1989 (the fall of the Berlin Wall taken as a watershed).",desmos:word,desmos:original,"In 'I costretti sposi' di Giuseppe Varaldo, ottava 50, 'Non mi sconfinferan lo sfaccimmuso / che imparanoia e blabla oltremisura, / la seraficità dello scantuso…': le parole piene hanno nel GRADIT una datazione successiva al 1989.","In Giuseppe Varaldo's 'I costretti sposi', octave 50, 'Non mi sconfinferan lo sfaccimmuso / che imparanoia e blabla oltremisura, / la seraficità dello scantuso…': content words have a GRADIT dating later than 1989.",,desmos:datation_lexicon,,,,,,,,,,
desmos:postal_code_acrostic,desmos:FormalConstraint | skos:Concept,Acrostico dei codici postali,Postal-code acrostic,Acrostico dei codici postali,Postal-code acrostic,Codici di Avviamento Poetico,,desmos:FormalConstraintScheme,"Costrizione formale in cui le lettere iniziali dei versi, lette verticalmente e convertite in cifre tramite una tabella fissa lettera-numero (A=0/1, B=2, C=3 … I=9), compongono i codici postali che delimitano lo stradario di una città; il testo ne sintetizza i caratteri salienti.","Formal constraint in which the initial letters of the lines, read vertically and converted into digits through a fixed letter-to-number cipher (A=0/1, B=2, C=3 … I=9), spell the postal codes delimiting a city's street-directory range; the poem synthesizes salient features of that city.",desmos:letter | desmos:line,desmos:original,"In 'Cartoline di città. Codici di avviamento poetico' di Matteo Pelliti (Biblioteca Oplepiana n. 47, 2021), le cifre dei Codici di Avviamento Postale di due città determinano le iniziali dei dieci versi del componimento secondo una corrispondenza numerico-alfabetica: 0 e 1 corrispondono ad A, 2 a B, 3 a C, e così via.","In Matteo Pelliti's 'Cartoline di città. Codici di avviamento poetico' (Biblioteca Oplepiana no. 47, 2021), the digits of the postal codes of two cities determine the initial letters of the poem's ten lines according to a numerical-alphabetical correspondence: 0 and 1 correspond to A, 2 to B, 3 to C, and so on.",desmos:substitution,desmos:acrostic,desmos:mnemonic_encoding,"The constraint was invented by Matteo Pelliti (2021), plaquette n. 47.","La costrizione è stata inventata da Matteo Pelliti (2021), plaquette n. 47.",,,,,,,
desmos:prescribed_line_frame,desmos:FormalConstraint | skos:Concept,Verso condizionato,Prescribed line frame,Verso condizionato,Prescribed line frame,,,desmos:FormalConstraintScheme,"Costrizione formale in cui le sequenze di lettere iniziale e finale di ciascun verso sono predeterminate, sicché ogni verso è incorniciato da un incipit e un explicit fissi.","Formal constraint in which the opening and closing letter sequences of each line are predetermined, so that every line is framed by a fixed incipit and a fixed explicit.",desmos:line,desmos:historical,"In 'I costretti sposi' di Giuseppe Varaldo, nell'ottava 'Versi condizionati' i primi sei versi iniziano e terminano alternativamente con le lettere che racchiudono i nomi 'Renzo' (re...nzo) e 'Lucia' (lu...cia), mentre gli ultimi due sono racchiusi da 'sposi' (sp...osi).","In Giuseppe Varaldo's 'I costretti sposi', in the octave 'Versi condizionati', the first six lines begin and end alternately with the letters framing the names 'Renzo' (re...nzo) and 'Lucia' (lu...cia), while the final two are framed by 'sposi' (sp...osi).",,,desmos:mandatory_sentence,,,,,,,,,
desmos:preventive_review,desmos:FormalConstraint | skos:Concept,Recensione preventiva,Preventive review,Recensione preventiva,Preventive review,,,desmos:FormalConstraintScheme,"Costrizione formale e procedurale che inverte la sequenza temporale della critica letteraria: un testo critico o recensione viene redatto ex ante per un componimento inesistente, imponendo vincoli tematici, lessicali o strutturali che orientano la successiva genesi della poesia ad opera di un secondo attore.","Formal and procedural constraint that inverts the temporal sequence of literary criticism: a critical text or review is drafted ex ante for a non-existent composition, imposing thematic, lexical or structural constraints that guide the subsequent genesis of the poem by a second actor.",desmos:word | desmos:line,desmos:original,"In 'Eclisse. Recensioni preventive' di Cesare Ciasullo e Giuseppe Varaldo (Biblioteca Oplepiana n. 37, 2014), Varaldo scrive una recensione di una poesia ancora inesistente e Ciasullo compone successivamente la poesia sulla base delle caratteristiche attribuitele nella recensione, che precede così il testo e ne determina la realizzazione.","In Cesare Ciasullo and Giuseppe Varaldo's 'Eclisse. Recensioni preventive' (Biblioteca Oplepiana no. 37, 2014), Varaldo writes a review of a poem that does not yet exist, and Ciasullo subsequently composes the poem on the basis of the characteristics attributed to it in the review, which thus precedes the text and determines its realization.",,,desmos:apocryphal_pentimento,,,,,,,,,
desmos:prisoner_constraint,desmos:FormalConstraint | skos:Concept,Contrainte du prisonnier,Contrainte du prisonnier,Contrainte du prisonnier,Contrainte du prisonnier,,,desmos:FormalConstraintScheme,"Costrizione formale che consiste nello scrivere un testo utilizzando esclusivamente lettere che non presentano tratti ascendenti o discendenti (ovvero lettere prive di 'hampes' e 'jambages'), limitando il set di caratteri a quelli che rientrano nell'altezza dell'occhio medio (a, c, e, i, m, n, o, r, s, u, v, w, x, z).","Formal constraint consisting of writing a text using only letters without ascenders or descenders (avoiding 'hampes' and 'jambages'), thus restricting the character set to those contained within the x-height (a, c, e, i, m, n, o, r, s, u, v, w, x, z).",desmos:letter,desmos:original,La sequenza 'mamma mia' utilizza soltanto lettere prive di tratti ascendenti o discendenti nel set previsto dalla contrainte du prisonnier.,The sequence 'mamma mia' uses only letters without ascenders or descenders in the character set allowed by the prisoner's constraint.,desmos:subtraction,desmos:alphabetic_set_constraint,,The constraint was invented by the Oulipo.,La costrizione è stata inventata dall'Oulipo.,"Exclusion-based constraint motivated by a typographic property (absence of ascenders/descenders): the admissible set is defined by x-height glyph features, not by individual letter selection.","Costrizione basata su esclusione motivata da una proprietà tipografica (assenza di ascensori/descensori): il set ammissibile è definito dalle caratteristiche dei glifi ad altezza x, non dalla selezione individuale delle lettere.",,https://oulipo.net/contraintes/contrainte-du-prisonnier,Contrainte du prisonnier,,
desmos:procomplementary_verb_lexicon,desmos:FormalConstraint | skos:Concept,Lessico di verbi procomplementari,Procomplementary-verb lexicon,Lessico di verbi procomplementari,Procomplementary-verb lexicon,,,desmos:FormalConstraintScheme,"Costrizione formale che impone a ogni verbo del testo di essere procomplementare (es. GRADIT 'v. procompl.'), ovvero usato stabilmente con particelle clitiche procomplementari e lemmatizzato come voce autonoma (es. svignarsela, sentirsela).","Formal constraint requiring every verb of the text to be a procomplementary verb (e.g. GRADIT 'v. procompl.'), i.e. stably used with procomplementary clitic particles and lemmatized as an autonomous entry (e.g. svignarsela, sentirsela).",desmos:word,desmos:original,"Nell'ottava 'Verbi procomplementari' di 'I costretti sposi' di Giuseppe Varaldo ricorrono esclusivamente verbi procomplementari, tra cui 'se la passa', 'ci azzecca', 'se la fa', 'se ne sbatte', 'gliele canta', 'se ne va', 'se la caverà', 'se la scapola' e 'se ne muore'.","In the octave 'Verbi procomplementari' from Giuseppe Varaldo's 'I costretti sposi', the verbal forms are all procomplementary, including 'se la passa', 'ci azzecca', 'se la fa', 'se ne sbatte', 'gliele canta', 'se ne va', 'se la caverà', 'se la scapola', and 'se ne muore'.",,desmos:grammatical_category_lexicon,,,,,,,,,,
desmos:progressive_alphabetical_lipogram,desmos:FormalConstraint | skos:Concept,Lipogramma alfabetico,Alphabetical lipogram,Lipogramma alfabetico,Alphabetical lipogram,,,desmos:FormalConstraintScheme,"Costrizione formale che struttura un testo in sezioni successive, ciascuna delle quali omette una lettera alfabetica. La sequenza delle lettere omesse segue l'ordine dell'alfabeto e alla fine esaurisce tutte le lettere.","Formal constraint structuring a text into successive sections, each omitting an alphabetical letter. The sequence of omitted letters follows the order of the alphabet until the sequence has exhausted all the letters.",desmos:letter,desmos:historical,"In 'Elogio di Ogni poema lipogrammatico esprimente potenzialità oscurate' di Raffaele Aragona, la progressione alfabetica è segnalata dall'iniziale di ciascun segmento, mentre la lettera corrispondente è esclusa dal resto del segmento: 'Anche con poche lettere è possibile comporre un testo molto eloquente' (A), 'Basteranno venti lettere o anche meno per scrivere dei versi...' (B), 'Ciò è senz'altro essenziale da rilevare...' (C). Il procedimento prosegue secondo l'ordine alfabetico fino a Z.","In Raffaele Aragona's 'Elogio di Ogni poema lipogrammatico esprimente potenzialità oscurate', the alphabetical progression is marked by the initial letter of each segment, while that same letter is excluded from the remainder of the segment: 'Anche con poche lettere è possibile comporre un testo molto eloquente' (A), 'Basteranno venti lettere o anche meno per scrivere dei versi...' (B), and 'Ciò è senz'altro essenziale da rilevare...' (C). The procedure continues in alphabetical order through Z.",desmos:subtraction,desmos:lipogram,desmos:progressive_vocalic_lipogram,,,"Alphabetical counterpart of the progressive vocalic lipogram, restricted to the alphabet set {A, B, C, D, E, F, G, H, I, J, K, L, M, N, O, P, Q, R, S, T, U, V, W, X, Y, Z} instead of the vowel set.","Corrispettivo alfabetico del lipogramma vocalico progressivo, ristretto al set alfabetico {A, B, C, D, E, F, G, H, I, J, K, L, M, N, O, P, Q, R, S, T, U, V, W, X, Y, Z} anziché al set vocalico.",,,,,
desmos:progressive_century_datation,desmos:FormalConstraint | skos:Concept,Lessico a datazione secolare progressiva,Progressive-century datation lexicon,Lessico a datazione secolare progressiva,Progressive-century datation lexicon,,,desmos:FormalConstraintScheme,"Costrizione formale in cui le parole piene di ciascun verso successivo condividono una data d'ingresso nella lingua assegnata a un secolo via via più tardo, avanzando di un secolo per verso (qui dal XIII al XX).","Formal constraint in which the content words of each successive line share a common date of entry into the language assigned to a progressively later century, advancing one century per line (here from the 13th to the 20th).",desmos:word,desmos:original,"In 'I costretti sposi' di Giuseppe Varaldo, ottava 49, le parole piene del 1º verso sono datate al XIII secolo, quelle del 2º al XIV e così via fino al XX secolo dell’8º verso: 'Abbandonare il borgo e i propri averi: / per la coppia una scelta ahimè increscevole…'.","In Giuseppe Varaldo's 'I costretti sposi', octave 49, content words in line 1 are dated to the thirteenth century, those in line 2 to the fourteenth, and so on up to the twentieth century in line 8: 'Abbandonare il borgo e i propri averi: / per la coppia una scelta ahimè increscevole…'.",,desmos:datation_lexicon,,,,,,,,,,
desmos:progressive_vocalic_lipogram,desmos:FormalConstraint | skos:Concept,Lipogramma vocalico progressivo,Progressive vocalic lipogram,Lipogramma vocalico progressivo,Progressive vocalic lipogram,,,desmos:FormalConstraintScheme,"Costrizione formale che struttura un testo in cinque sezioni successive, ciascuna delle quali omette a turno una delle cinque vocali, in modo che la sequenza delle vocali omesse esaurisca l'intero set vocalico.","Formal constraint structuring a text into five successive sections, each omitting one of the five vowels in turn, so that the sequence of omitted vowels exhausts the entire vowel set.",desmos:letter,desmos:historical,"In 'Identikit lessicali' di Giuseppe Varaldo, cinque sonetti escludono a turno una delle cinque vocali: 'Vuoi di cinque sorelle, vuoi persino' è lipogrammatico in A; 'Chi unita all’ics forgiò un’antica fiamma' in E; 'Spesso col punto sopra a mo’ d’accento' in I; 'La lettera sparita (chi l’ha vista?)' in O; 'È last and also least, se molto meno' in U. Ciascun sonetto descrive la vocale assente servendosi delle altre quattro.","In Giuseppe Varaldo's 'Identikit lessicali', five sonnets successively exclude one of the five Italian vowels: 'Vuoi di cinque sorelle, vuoi persino' omits A; 'Chi unita all’ics forgiò un’antica fiamma' omits E; 'Spesso col punto sopra a mo’ d’accento' omits I; 'La lettera sparita (chi l’ha vista?)' omits O; and 'È last and also least, se molto meno' omits U. Each sonnet describes the absent vowel using only the other four.",desmos:subtraction,desmos:lipogram,desmos:vowel_slide | desmos:progressive_alphabetical_lipogram,,,"Vocalic counterpart of the progressive alphabetical lipogram, restricted to the vowel set {A, E, I, O, U} instead of the full alphabet.","Corrispettivo vocalico del lipogramma alfabetico progressivo, ristretto al set vocalico {A, E, I, O, U} anziché all'intero alfabeto.",,,,,
desmos:proverbial_shift,desmos:FormalConstraint | skos:Concept,Slittamento proverbiale,Proverbial shift,Slittamento proverbiale,Proverbial shift,,,desmos:FormalConstraintScheme,"Costrizione formale che prevede la sostituzione di ogni unità lessicale (nome, aggettivo, verbo, avverbio) di un testo di partenza con la parola finale di un proverbio che inizi con quella stessa unità. I termini ottenuti vengono poi integrati sintatticamente per generare un nuovo testo.","Formal constraint where each lexical unit (noun, adjective, verb, adverb) of a source text is replaced by the final word of a proverb that begins with that same unit. The resulting terms are then syntactically integrated to form a new coherent text.",desmos:word,desmos:original,"Nello 'Slittamento proverbiale' di 'Morti fortunati', 'I promessi…' rinvia al proverbio 'I promessi a due consorti, non s’illudan, sono già morti', mentre 'sposi' rinvia a 'Sposi bagnati, sposi fortunati': le parole finali producono così 'Morti fortunati'.","In the 'Proverbial shift' of 'Morti fortunati', 'I promessi…' points to the proverb 'I promessi a due consorti, non s’illudan, sono già morti', while 'sposi' points to 'Sposi bagnati, sposi fortunati': the final words thus produce 'Morti fortunati'.",desmos:substitution,,desmos:embedded_proverb,"The constraint was invented by Ermanno Cavazzoni (2001), 'La Biblioteca Oplepiana' n. 21.","La costrizione è stata inventata da Ermanno Cavazzoni (2001), 'La Biblioteca Oplepiana' n. 21.",,,,,,,
desmos:quatrain,desmos:FormalConstraint | skos:Concept,Quartina,Quatrain,Quartina,Quatrain,,,desmos:FormalConstraintScheme,"Costrizione strofica che impone l’organizzazione del testo in strofe di quattro versi, eventualmente secondo uno schema metrico-rimico prefissato.","Formal constraint requiring the text to be organized into four-line stanzas, optionally following a predefined metrical/rhyme scheme.",desmos:stanza,desmos:historical,"'Tanto gentile e tanto onesta pare / la donna mia quand’ella altrui saluta, / ch’ogne lingua deven tremando muta, / e li occhi no l’ardiscon di guardare': i primi quattro versi del sonetto 'Tanto gentile e tanto onesta pare' di Dante Alighieri formano una quartina.","'Tanto gentile e tanto onesta pare / la donna mia quand’ella altrui saluta, / ch’ogne lingua deven tremando muta, / e li occhi no l’ardiscon di guardare': the opening four lines of Dante Alighieri's sonnet 'Tanto gentile e tanto onesta pare' form a quatrain.",,,desmos:classical_sonnet,,,,,,,,,
desmos:rebus,desmos:FormalConstraint | skos:Concept,Rebus,Rebus,Rebus,Rebus,,,desmos:FormalConstraintScheme,"Costrizione formale in cui una scena illustrata contrassegnata da lettere (grafemi) produce una prima lettura (abbinando i grafemi agli elementi raffigurati); mantenendo le lettere nel medesimo ordine ma raggruppandole diversamente si ottiene una seconda lettura, di senso compiuto, corrispondente alla soluzione. Un doppio diagramma numerico indica la lunghezza delle parole delle due letture.","Formal constraint in which an illustrated scene marked with letters (graphemes) yields a first reading (segmenting the graphemes with the depicted elements); keeping the letters in the same order but re-segmenting them produces a second, meaningful reading that is the solution. A double numeric diagram states the word lengths of both readings.",desmos:letter,desmos:historical,"Nel 'Rebus' di Antonella Sbrilli, la prima lettura '(Perec) H (esco) MP (arsa)' viene risegmentata nella soluzione 'Per E, ch’è scomparsa', secondo il diagramma numerico '3 1 2’ 1 9'.","In Antonella Sbrilli’s 'Rebus', the first reading '(Perec) H (esco) MP (arsa)' is resegmented into the solution 'Per E, ch’è scomparsa', according to the numerical pattern '3 1 2’ 1 9'.",desmos:displacement,,,,,,,,,,,
desmos:register_lexicon,desmos:FormalConstraint | skos:Concept,Lessico per registro espressivo,Register-restricted lexicon,Lessico per registro espressivo,Register-restricted lexicon,,,desmos:FormalConstraintScheme,"Costrizione formale che impone a ogni parola piena (sostantivo, aggettivo, verbo) di recare la medesima qualifica espressiva o d'uso nel dizionario di riferimento - almeno nell'accezione impiegata - entro una data unità testuale: l'intero testo o, quando l'etichetta varia, il singolo verso.","Formal constraint requiring every content word (noun, adjective, verb) to bear the same expressive/usage label in the reference dictionary - at least in the sense in which it is used - within a given textual unit: the whole text, or, when the label varies, the individual line.",desmos:word,desmos:original,"L’ottava 37 dei 'Costretti sposi' di Giuseppe Varaldo applica una marca di registro a tutte le parole piene: 'impiastri', 'casini', 'cappelle', 'sfiga' ecc. sono impiegati in accezioni qualificate 'colloq.' dal GRADIT.","Octave 37 of Giuseppe Varaldo's 'I costretti sposi' applies a register label to all content words: 'impiastri', 'casini', 'cappelle', 'sfiga', etc. are used in senses labelled 'colloq.' by GRADIT.",desmos:extraction | desmos:substitution,desmos:lexicographic_marker_constraint,,,,,,desmos:colloquial_register_lexicon | desmos:slang_register_lexicon | desmos:jocular_register_lexicon | desmos:derogatory_register_lexicon | desmos:ironic_register_lexicon | desmos:popular_register_lexicon | desmos:heterogeneous_register_lexicon | desmos:hyperbolic_register_lexicon | desmos:familiar_register_lexicon,,,,
desmos:regraphing,desmos:FormalConstraint | skos:Concept,Rigrafia,Regraphing,Rigrafia,Regraphing,,,desmos:FormalConstraintScheme,Costrizione formale che consiste nel comporre un testo derivato riordinando righe tipografiche tratte da un testo base.,Formal constraint consisting in composing a derived text by reordering typographic lines taken from a source text.,desmos:line,desmos:original,"In 'L'uso delle istruzioni' di Aldo Spinelli, le righe tratte da 'La vita istruzioni per l'uso' 'provenienti da un nascondiglio scavato in una delle muraglie di Santa / Sofia. La lista degli oggetti in questione ci è nota per via di una lettera' e 'nella sua stessa ironia, di una W.' sono ricomposte, senza modificarne il contenuto, nella sequenza 'provenienti da un nascondiglio scavato in una delle muraglie di Santa / Sofia. La lista degli oggetti in questione ci è nota per via di una lettera / nella sua stessa ironia, di una W.'.","In Aldo Spinelli's 'L'uso delle istruzioni', lines taken from 'La vita istruzioni per l'uso' — 'provenienti da un nascondiglio scavato in una delle muraglie di Santa / Sofia. La lista degli oggetti in questione ci è nota per via di una lettera' and 'nella sua stessa ironia, di una W.' — are recombined without altering their content into the sequence 'provenienti da un nascondiglio scavato in una delle muraglie di Santa / Sofia. La lista degli oggetti in questione ci è nota per via di una lettera / nella sua stessa ironia, di una W.'.",desmos:displacement,,,"The constraint was invented by Aldo Spinelli in 'L'uso delle istruzioni' (1991), 'La Biblioteca Oplepiana' n. 2.","La costrizione è stata inventata da Aldo Spinelli in 'L'uso delle istruzioni' (1991), 'La Biblioteca Oplepiana' n. 2.",,,,,,,
desmos:sdrucciola_hendecasyllable,desmos:FormalConstraint | skos:Concept,Endecasillabo sdrucciolo,Sdrucciolo hendecasyllable,Endecasillabo sdrucciolo,Sdrucciolo hendecasyllable,,,desmos:FormalConstraintScheme,Endecasillabo con uscita sdrucciola (proparossitona): dodici sillabe con accento sulla terzultima.,Hendecasyllable with a proparoxytone (sdrucciolo) ending: twelve syllables with stress on the antepenultimate.,desmos:syllable | desmos:line,desmos:historical,"Nel verso 'Per loro una tortura interminabile' dei 'Costretti sposi' di Giuseppe Varaldo, le sinalefi 'loro_una' e 'tortura_interminabile' danno dodici sillabe metriche, con accento sulla 10ª ('-nà-'): è un endecasillabo sdrucciolo.","In the line 'Per loro una tortura interminabile' from Giuseppe Varaldo's 'I costretti sposi', the synaloephae 'loro_una' and 'tortura_interminabile' yield twelve metric syllables, with stress on the 10th ('-nà-'): it is a proparoxytone hendecasyllable.",,,desmos:hendecasyllable,,,,,,,,,
desmos:sdrucciola_rhyme,desmos:FormalConstraint | skos:Concept,Rima sdrucciola,Sdrucciola rhyme,Rima sdrucciola,Sdrucciola rhyme,,Dactylic rhyme,desmos:FormalConstraintScheme,Costrizione rimica che impone una rima la cui parola finale abbia l'accento sulla terzultima sillaba (parola sdrucciola).,Formal constraint requiring a rhyme whose final word bears its stress on the third-to-last syllable (proparoxytone).,desmos:syllable | desmos:line,desmos:historical,Due versi che terminano con 'tavolo' e 'cavolo' realizzano una rima sdrucciola.,Two lines ending with 'tavolo' and 'cavolo' realise a proparoxytone rhyme.,,,,,,,,,,,,
desmos:semi_automatic_locutionary_text,desmos:FormalConstraint | skos:Concept,Testo locuzionale semiautomatico,Semi-automatic locutionary text,Testo locuzionale semiautomatico,Semi-automatic locutionary text,,,desmos:FormalConstraintScheme,"Costrizione formale che genera un testo mediante un algoritmo applicato a un dizionario di modi di dire: si trascrive il primo modo di dire sotto un lemma, il primo sostantivo della relativa definizione individua il lemma successivo e la procedura si itera fino al raggiungimento di un numero fisso di versi.","Formal constraint generating a text through an algorithm applied to a dictionary of idiomatic expressions (locutions): the first locution under a headword is transcribed, the first noun in its definition determines the next headword, and the procedure is iterated until a fixed number of lines is reached.",desmos:word,desmos:original,"In 'Sestine per modo di dire', la catena generata dal dizionario si chiude in sei versi: 'Allungai le zampe, / mi presi delle confidenze: / fanalino di coda, / mi feci valere / facendo morire dal ridere. / Avrò l’età della ragione?'.","In 'Sestine per modo di dire', the dictionary-generated chain closes after six lines: 'Allungai le zampe, / mi presi delle confidenze: / fanalino di coda, / mi feci valere / facendo morire dal ridere. / Avrò l’età della ragione?'.",desmos:extraction | desmos:substitution,,,"The constraint was invented by Ruggero Campagnoli in 'Sestine per modo di dire' (1994), 'La Biblioteca Oplepiana' n. 10.","La costrizione è stata inventata da Ruggero Campagnoli in 'Sestine per modo di dire' (1994), 'La Biblioteca Oplepiana' n. 10.",,,,,,,
desmos:septenary,desmos:FormalConstraint | skos:Concept,Settenario,Septenary,Settenario,Septenary,,,desmos:FormalConstraintScheme,Costrizione metrica che impone l’uso di versi di sette sillabe.,Formal constraint requiring lines of seven syllables.,desmos:line | desmos:syllable,desmos:historical,'La nebbia sale lenta' è un verso di sette sillabe.,'La nebbia sale lenta' is a seven-syllable line.,,,desmos:septenary_double,,,,,,,,,
desmos:septenary_double,desmos:FormalConstraint | skos:Concept,Settenario doppio,Double septenary,Settenario doppio,Double septenary,Alessandrino italiano,Italian alexandrine,desmos:FormalConstraintScheme,"Costrizione formale che impone l'uso di versi composti da quattordici sillabe, solitamente organizzati in strofe o sezioni.","Formal constraint requiring the use of lines composed of fourteen syllables, typically organized into stanzas or sections.",desmos:syllable | desmos:line,desmos:historical,'La nebbia sale lenta || la sera scende piano' combina due unità di sette sillabe in un verso di quattordici sillabe.,'La nebbia sale lenta || la sera scende piano' combines two seven-syllable units into a fourteen-syllable line.,,,desmos:septenary,,,,,desmos:martellian_verse,,,,
desmos:sestina,desmos:FormalConstraint | skos:Concept,Sestina,Sestina,Sestina,Sestina,,,desmos:FormalConstraintScheme,"Costrizione strofica che impone l'organizzazione del testo in strofe di sei versi, eventualmente secondo uno schema metrico-rimico determinato.","Formal constraint requiring the text to be organized into six-line stanzas, optionally following a predefined metrical/rhyme scheme.",desmos:stanza,desmos:historical,"In 'Sestine per modo di dire' di Ruggero Campagnoli, 'Inquietudini d’adolescente' è composta da sei versi: 'Allungai le zampe / mi presi delle confidenze: / fanalino di coda, / mi feci valere / facendo morire dal ridere. / Avrò l’età della ragione?'.","In Ruggero Campagnoli's 'Sestine per modo di dire', 'Inquietudini d’adolescente' is composed of six lines: 'Allungai le zampe / mi presi delle confidenze: / fanalino di coda, / mi feci valere / facendo morire dal ridere. / Avrò l’età della ragione?'.",,,,,,,,,,,,
desmos:slang_register_lexicon,desmos:FormalConstraint | skos:Concept,Lessico gergale,Slang-register lexicon,Lessico gergale,Slang-register lexicon,,,desmos:FormalConstraintScheme,"Costrizione formale che impone a ogni parola piena di recare l'etichetta 'gerg.' (gergale) nel dizionario di riferimento, almeno nell'accezione impiegata.","Formal constraint requiring every content word to bear the label 'gerg.' (slang/jargon) in the reference dictionary, at least in the sense used.",desmos:word,desmos:original,"In 'I costretti sposi' di Giuseppe Varaldo, ottava 39, 'Benché m’appallino le favalesse / e mi scazzino pure gli strafatti, / per le cannate mitiche e scafesse…': le parole piene sono marcate 'gerg.' nel GRADIT.","In Giuseppe Varaldo's 'I costretti sposi', octave 39, 'Benché m’appallino le favalesse / e mi scazzino pure gli strafatti, / per le cannate mitiche e scafesse…': content words are marked 'gerg.' in GRADIT.",,desmos:register_lexicon,,,,,,,,,,
desmos:solfeix,desmos:FormalConstraint | skos:Concept,Solfeix,Solfeix,Solfeix,Solfeix,,,desmos:FormalConstraintScheme,"Costrizione formale basata sulla traslitterazione sillabica di una melodia. Il testo deve contenere i nomi delle note in sequenza; la distanza tra un nome di nota e il successivo è determinata dal valore musicale della nota stessa, che impone un numero fisso di sillabe di separazione (da 1 per la semibreve fino a 64 per la semibiscroma).","Formal constraint based on the syllabic transliteration of a melody. The text must contain the names of the notes in sequence; the distance between a note name and the next is determined by the musical value of the note itself, which imposes a fixed number of syllables of separation (from 1 for the semibreve up to 64 for the semibiscroma).",desmos:syllable,desmos:original,"In 'Turandot espuri' di Màrius Serra, la successione musicale 'Re+12, Re+8, Mi+4, Mi+4, Mi+4, Re+4, Do+12...' è traslitterata nel testo catalano 'Reviu una melodia molt llunyana mentre aguanta el black'n'decker. Mira d'escoltar millor aquest so mig guerrer i sorprenent...': le sillabe contenenti i nomi delle note seguono la melodia, mentre la durata delle note determina il numero di sillabe interposte.","In Màrius Serra's 'Turandot espuri', the musical sequence 'Re+12, Re+8, Mi+4, Mi+4, Mi+4, Re+4, Do+12...' is transliterated into the Catalan text 'Reviu una melodia molt llunyana mentre aguanta el black'n'decker. Mira d'escoltar millor aquest so mig guerrer i sorprenent...': syllables containing note names follow the melody, while note duration determines the number of intervening syllables.",desmos:addition,,,"The constraint was invented by Màrius Serra in 'Turandot espuri' (1998), 'La Biblioteca Oplepiana' n. 14.","La costrizione è stata inventata da Màrius Serra in 'Turandot espuri' (1998), 'La Biblioteca Oplepiana' n. 14.",,,,,,,
desmos:spanish_loanword_lexicon,desmos:FormalConstraint | skos:Concept,Lessico di prestiti spagnoli,Spanish-loanword lexicon,Lessico di prestiti spagnoli,Spanish-loanword lexicon,,,desmos:FormalConstraintScheme,Costrizione formale che impone a ciascun verso di contenere un prestito spagnolo marcato 'sp.' nel dizionario di riferimento.,Formal constraint requiring each line to contain a Spanish loanword marked 'sp.' in the reference dictionary.,desmos:word,desmos:original,"In 'I costretti sposi' di Giuseppe Varaldo, ottava 8, 'Anche se tu non sei una pasionaria, / a far di me un aficionado vero / fu il muto 'Adiós' diffùsosi nell’aria / dal cuore tuo dopo l’embarcadero': ciascun verso contiene un prestito spagnolo.","In Giuseppe Varaldo's 'I costretti sposi', octave 8, 'Anche se tu non sei una pasionaria, / a far di me un aficionado vero / fu il muto 'Adiós' diffùsosi nell’aria / dal cuore tuo dopo l’embarcadero': each line contains a Spanish loanword.",,desmos:loanword_lexicon,,,,,,,,,,
desmos:statistical_bound,desmos:FormalConstraint | skos:Concept,Rimbalzo statistico,Statistical bound,Rimbalzo statistico,Statistical bound,,,desmos:FormalConstraintScheme,Costrizione formale che impone ad una lettera di comparire nel testo a intervalli fissi corrispondenti alla sua frequenza statistica attestata nella lingua di riferimento.,Formal constraint requiring a target letter to appear in the text at a fixed interval mirroring its statistically attested frequency within a reference language or corpus.,desmos:letter,desmos:original,"Nella stringa 'abcdXfghiXklmnX', la lettera X compare esattamente alle posizioni 5, 10 e 15, cioè a intervalli regolari di cinque caratteri.","In the string 'abcdXfghiXklmnX', the letter X occurs exactly at positions 5, 10 and 15, that is, at regular five-character intervals.",desmos:multiplication | desmos:displacement,,,"Constraint introduced by Aldo Spinelli in 'Le ripartite' (1994), Biblioteca Oplepiana n. 9.","Costrizione introdotta da Aldo Spinelli ne 'Le ripartite' (1994), Biblioteca Oplepiana n. 9.",,,desmos:statistical_bound_in_E,,,,
desmos:statistical_bound_in_E,desmos:FormalConstraint | skos:Concept,Rimbalzo statistico in E,Statistical bound in E,Rimbalzo statistico in E,Statistical bound in E,,,desmos:FormalConstraintScheme,"Costrizione formale che impone alla lettera E in italiano di apparire ogni nove lettere, secondo la regola imposta dalla costrizione del 'Rimbalzo statistico'.","Formal constraint requiring the letter E to appear every nine letters in Italian, according to the rule imposed by the 'Statistical bound' constraint.",desmos:letter,desmos:original,"In 'Le ripartite. Rimbalzo statistico' di Aldo Spinelli, l'incipit 'Eh già. Potrei iniziare così, in questo modo / lento o anche un poco spento: una anemica / maniera di concentrarmi per produrre / qualcosa. E abbozzare, dopo, un preciso / intreccio in questa facile quanto preoccupante / forma di regola...' mantiene una distanza costante di otto lettere tra ogni 'e' e la successiva, facendo ricorrere la vocale ogni nove lettere.","In Aldo Spinelli's 'Le ripartite. Rimbalzo statistico', the opening passage 'Eh già. Potrei iniziare così, in questo modo / lento o anche un poco spento: una anemica / maniera di concentrarmi per produrre / qualcosa. E abbozzare, dopo, un preciso / intreccio in questa facile quanto preoccupante / forma di regola...' maintains a constant interval of eight letters between each 'e' and the next, so that the vowel occurs every nine letters.",desmos:multiplication | desmos:displacement,desmos:statistical_bound,,,,"The interval of nine characters reflects the empirical frequency of 'e' in Italian, where 'e' is the most frequent vowel.","L'intervallo di nove caratteri riflette la frequenza empirica della 'e' in italiano, dove 'e' è la vocale più frequente.",,,,,
desmos:stolen_letters,desmos:FormalConstraint | skos:Concept,Lettere rubate,Stolen letters,Lettere rubate,Stolen letters,,,desmos:FormalConstraintScheme,"Costrizione formale che genera un testo derivato a partire da un testo sorgente mediante la sottrazione sistematica di una o più lettere da ogni parola lessicale, lasciando inalterati articoli, congiunzioni, preposizioni e struttura sintattica: la procedura produce una coppia di testi (sorgente e derivato) le cui parole devono differire per significato. Il testo derivato può essere considerato un lipogramma nella lettera sottratta, ma la costrizione opera sulla relazione tra i due testi, non su un testo isolato.","Formal constraint that generates a derived text from a source text by systematically subtracting one or more letters from every lexical word, while leaving articles, conjunctions, prepositions and syntactic structure unchanged: the procedure produces a pair of texts (source and derivation) whose words must all differ in meaning. The derived text can be regarded as a lipogram in the subtracted letter, but the constraint operates on the relation between the two texts, not on a single text.",desmos:word | desmos:letter,desmos:original,"In 'Rose osé', di Paolo Albani sottraendo la lettera R si passa da 'Elisìr / respira un ardito scirocco' a 'Miti / espìa un àdito sciocco': la detrazione produce parole diverse e un nuovo testo di altro significato.","In Paolo Albani's 'Rose osé', subtracting the letter R transforms 'Elisìr / respira un ardito scirocco' into 'Miti / espìa un àdito sciocco': the deletion produces different words and a new text with a different meaning.",desmos:subtraction,,desmos:lipogram,"The constraint was invented by Paolo Albani in 'Rose osé' (1998), 'La Biblioteca Oplepiana' n. 13.","La costrizione è stata inventata da Paolo Albani in 'Rose osé' (1998), 'La Biblioteca Oplepiana' n. 13.",,,,,,,
desmos:syllabic_set_constraint,desmos:FormalConstraint | skos:Concept,Costrizione sul set sillabico,Syllabic-set constraint,Costrizione sul set sillabico,Syllabic-set constraint,,,desmos:FormalConstraintScheme,"Costrizione formale che impone a ogni parola del testo di iniziare con un insieme chiuso di sillabe (tipicamente le sillabe che compongono un titolo di riferimento), con ciascuna sillaba rappresentata almeno una volta.","Formal constraint requiring every word of the text to begin with one of a closed set of syllables (typically the syllables composing a reference title), each syllable being represented at least once.",desmos:syllable,desmos:historical,"Nell'ottava 'Sillabario' di 'I costretti sposi' di Giuseppe Varaldo, tutte le parole iniziano con uno dei cinque gruppi I, PRO, MES, SI e SPO, ricavati dalle sillabe del titolo 'I promessi sposi': per esempio 'impedito' (I), 'provoca' (PRO), 'mestizia' (MES), 'sinché' (SI) e 'spodesterà' (SPO).","In the octave 'Sillabario' from Giuseppe Varaldo's 'I costretti sposi', every word begins with one of the five groups I, PRO, MES, SI and SPO, derived from the syllables of the title 'I promessi sposi': examples include 'impedito' (I), 'provoca' (PRO), 'mestizia' (MES), 'sinché' (SI), and 'spodesterà' (SPO).",desmos:multiplication,,desmos:tautogram,,,Generalizes the tautogram from a single initial letter to a finite set of initial syllables.,Generalizza il tautogramma da una singola lettera iniziale a un insieme finito di sillabe iniziali.,,,,,
desmos:syllable_expansion,desmos:FormalConstraint | skos:Concept,Sillabe in crescenza,Syllable expansion,Sillabe in crescenza,Syllable expansion,,,desmos:FormalConstraintScheme,"Costrizione formale che consiste in una progressiva espansione metrica, dall'unità più breve (monosillabi) fino alla più lunga (settenari doppi).","Formal constraint consisting in the rewriting of a text through a progressive metrical expansion, from the shortest unit (monosyllables) to the longest one (double septenaries).",desmos:syllable | desmos:line,desmos:original,"In 'L'infinito futuro' di Luca Chiti, la riscrittura monosillabica di 'L'Infinito' comincia con 'Mi fu nel cuor / ad or ad or / quel mio bel col / che sta da sol', mentre una successiva espansione bisillabica inizia con 'Ebbi sempre caro questo / ermo colle, dove resto / quasi chiuso dalla siepe / senza crepe': la lunghezza sillabica ammessa per le parole aumenta progressivamente da una riscrittura alla successiva.","In Luca Chiti's 'L'infinito futuro', the monosyllabic rewriting of 'L'Infinito' begins 'Mi fu nel cuor / ad or ad or / quel mio bel col / che sta da sol', while a subsequent bisyllabic expansion begins 'Ebbi sempre caro questo / ermo colle, dove resto / quasi chiuso dalla siepe / senza crepe': the syllabic length allowed for words progressively increases from one rewriting to the next.",desmos:multiplication | desmos:addition,,,"The constraint was invented by Luca Chiti in 'L'infinito futuro' (1999), 'La Biblioteca Oplepiana' n. 15.","La costrizione è stata inventata da Luca Chiti in 'L'infinito futuro' (1999), 'La Biblioteca Oplepiana' n. 15.",,,,,,,
desmos:tanka,desmos:FormalConstraint | skos:Concept,Tanka,Tanka,Tanka,Tanka,,,desmos:FormalConstraintScheme,"Costrizione strofica di origine giapponese composta da 31 more (sillabe), distribuite in 5 versi secondo lo schema 5-7-5-7-7.",Formal constraint requiring the text to be organized into five-line stanzas with a 5-7-5-7-7 syllable pattern.,desmos:syllable | desmos:line,desmos:historical,"In '5x5: 5 Tanka+1 di Epilogo' di Maria Sebregondi, 'Oscuri indizi / ondeggiano sul filo / oltre il già noto – / orizzonti in potenza / osando in costrizione' forma un tanka secondo lo schema sillabico 5-7-5-7-7; nel testo è seguito dalla coda bisillabica 'Oibò!'.","In Maria Sebregondi's '5x5: 5 Tanka+1 di Epilogo', 'Oscuri indizi / ondeggiano sul filo / oltre il già noto – / orizzonti in potenza / osando in costrizione' forms a tanka following the 5-7-5-7-7 syllabic pattern; in the text it is followed by the two-syllable coda 'Oibò!'.",,,,,,,,,,,,Tanka
desmos:tautogram,desmos:FormalConstraint | skos:Concept,Tautogramma,Tautogram,Tautogramma,Tautogram,,,desmos:FormalConstraintScheme,Costrizione formale che impone l'uso di parole che iniziano tutte con la stessa lettera.,Formal constraint that requires using words that all begin with the same letter.,desmos:letter,desmos:historical,"In 'Frenosonetto' di Giuseppe Varaldo, il verso 'Veleggiar verso vacue verità' è un tautogramma in V.","In Giuseppe Varaldo's 'Frenosonetto', the line 'Veleggiar verso vacue verità' is a tautogram in V.",desmos:multiplication,,desmos:syllabic_set_constraint | desmos:alliteration,,,,,,,,,
desmos:temporal_constraint,desmos:FormalConstraint | skos:Concept,Tempo obbligato,Temporal constraint,Tempo obbligato,Temporal constraint,,,desmos:FormalConstraintScheme,Costrizione formale che impone al testo di essere calibrato in modo che la sua declamazione o lettura abbia una durata pari al tempo di esecuzione di un riferimento esterno prestabilito (tipicamente un brano musicale).,Formal constraint requiring the text to be calibrated so that its declamation or reading duration matches the execution time of a predefined external reference (typically a musical piece).,desmos:line,desmos:original,"Un testo destinato alla lettura ad alta voce viene calibrato per durare esattamente 3 minuti e 42 secondi, così che l’ultima parola coincida con l’ultima nota di un brano musicale della stessa durata.","A text intended for oral reading is calibrated to last exactly 3 minutes and 42 seconds, so that its final word coincides with the final note of a musical piece of the same duration.",,,desmos:fixed_text_length,,,,,,,,,
desmos:tercet,desmos:FormalConstraint | skos:Concept,Terzina,Tercet,Terzina,Tercet,,,desmos:FormalConstraintScheme,"Costrizione strofica che impone l’organizzazione del testo in strofe di tre versi, eventualmente secondo uno schema metrico-rimico determinato.","Formal constraint requiring the text to be organized into three-line stanzas, optionally following a predefined metrical/rhyme scheme.",desmos:stanza,desmos:historical,'Nel mezzo del cammin di nostra vita / mi ritrovai per una selva oscura / ché la diritta via era smarrita': i primi tre versi dell'Inferno di Dante Alighieri formano una terzina.,'Nel mezzo del cammin di nostra vita / mi ritrovai per una selva oscura / ché la diritta via era smarrita': the opening three lines of Dante Alighieri's Inferno form a tercet.,,,desmos:chained_rhyme | desmos:classical_sonnet,,,,,,,,,
desmos:terminal_word_series,desmos:FormalConstraint | skos:Concept,Serie di parole terminali,Terminal-word series,Serie di parole terminali,Terminal-word series,,,desmos:FormalConstraintScheme,"Costrizione formale che impone a ciascun verso di contenere, in ordine progressivo, la parola finale di un capitolo (o sezione) successivo di un testo-sorgente.","Formal constraint requiring each line to contain, in progressive order, the final word of a successive chapter (or section) of a source text.",desmos:word,desmos:original,"Se tre sezioni del testo-sorgente terminano con 'mare', 'notte' e 'vento', i versi 'Il mare resta immobile. / La notte copre il porto. / Il vento scioglie le vele.' incorporano le tre parole nello stesso ordine.","If three sections of the source text end with 'sea', 'night' and 'wind', the lines 'The sea lies still. / Night covers the harbour. / The wind loosens the sails.' incorporate the three words in the same order.",desmos:extraction,,desmos:cento | desmos:mandatory_sentence,,,,,,,,,
desmos:triple_letter_cluster,desmos:FormalConstraint | skos:Concept,Gruppo letterale triripetuto,Triple letter cluster,Gruppo letterale triripetuto,Triple letter cluster,,,desmos:FormalConstraintScheme,Costrizione formale che impone a ciascun verso di contenere un gruppo di almeno due lettere ripetuto tre volte nel verso; il gruppo non deve necessariamente coincidere con una sillaba.,Formal constraint requiring each line to contain a cluster of at least two letters repeated three times within the line; the cluster need not coincide with a syllable.,desmos:letter,desmos:historical,Un verso che contiene la sequenza 'ma ma ma' ripete tre volte lo stesso gruppo letterale 'ma'.,A line containing the sequence 'ma ma ma' repeats the same letter cluster 'ma' three times.,desmos:multiplication,,desmos:alliteration,,,,,,,,,
desmos:trisyllabic_text,desmos:FormalConstraint | skos:Concept,Testo trisillabico,Trisyllabic text,Testo trisillabico,Trisyllabic text,,,desmos:FormalConstraintScheme,Costrizione formale che impone a ogni parola del testo di essere trisillabica.,Formal constraint requiring every word of the text to be trisyllabic.,desmos:syllable,desmos:original,La sequenza 'Lucia cammina serena' è composta esclusivamente da parole trisillabiche.,The sequence 'Lucia cammina serena' consists exclusively of three-syllable words.,,desmos:isosyllabic_words,,,,,,,,,,
desmos:truncated_rhyme,desmos:FormalConstraint | skos:Concept,Rima tronca,Truncated rhyme,Rima tronca,Truncated rhyme,,Masculine rhyme | Oxytone rhyme,desmos:FormalConstraintScheme,Costrizione rimica che impone una rima la cui parola finale abbia l'accento sull'ultima sillaba (parola tronca).,Formal constraint requiring a rhyme whose final word bears its stress on the last syllable (oxytone).,desmos:line | desmos:syllable,desmos:historical,"Due versi che terminano rispettivamente con 'città' e 'metà', entrambe parole tronche, realizzano una rima tronca.","Two lines ending respectively in 'città' and 'metà', both oxytone words, realize an oxytone rhyme.",desmos:subtraction,,,,,,,,,,,
desmos:tuscan_lexicon,desmos:FormalConstraint | skos:Concept,Lessico toscano,Tuscan lexicon,Lessico toscano,Tuscan lexicon,,,desmos:FormalConstraintScheme,"Costrizione formale che impone a ogni parola piena, o almeno all'accezione impiegata, di recare la marca d'area 'tosc.' (toscano) nel dizionario di riferimento.","Formal constraint requiring every content word, or at least the sense used, to bear the area label 'tosc.' (Tuscan) in the reference dictionary.",desmos:word,desmos:original,"In 'I costretti sposi' di Giuseppe Varaldo, ottava 46, 'Mi ribollon, del damo assai foresto, / la tantafera e pur le strullerie, / quando, al biribissaio già rammesto…': le parole piene sono marcate 'tosc.' nel GRADIT.","In Giuseppe Varaldo's 'I costretti sposi', octave 46, 'Mi ribollon, del damo assai foresto, / la tantafera e pur le strullerie, / quando, al biribissaio già rammesto…': content words are marked 'tosc.' in GRADIT.",,desmos:diatopic_lexicon,,,,,,,,,,
desmos:typographic_constraints,desmos:FormalConstraint | skos:Concept,Norme tipografiche,Typographic constraints,Norme tipografiche,Typographic constraints,,,desmos:FormalConstraintScheme,Costrizione formale che impone l’adozione di convenzioni tipografiche e redazionali definite da un modello di riferimento.,Formal constraint requiring adherence to typographic and editorial conventions defined by a reference model.,desmos:typography,desmos:historical,"In 'Giallo di Anghiari. Misteri obbligati' di Oplepo le regole comuni prescrivono, per tutti i racconti, di adottare le norme tipografiche in uso nei volumi pubblicati dalla casa editrice Einaudi.","In Oplepo's 'Giallo di Anghiari. Misteri obbligati', the common rules require every story to follow the typographic conventions used in volumes published by Einaudi.",,,,,,,,,,,,
desmos:vowel_alternation,desmos:FormalConstraint | skos:Concept,Alternanza vocalica,Vowel alternation,Alternanza vocalica,Vowel alternation,,,desmos:FormalConstraintScheme,"Costrizione formale che ammette solo due vocali distinte, le quali devono alternarsi di continuo lungo il testo; la prima e l'ultima vocale differiscono, sicché l'alternanza è ciclica.","Formal constraint admitting only two distinct vowels which must alternate continuously throughout the text; the first and last vowel differ, so that the alternation is cyclic.",desmos:letter,desmos:original,"In 'I costretti sposi' di Giuseppe Varaldo, le ottave 'Alternanza vocalica A/I' e 'Alternanza vocalica E/O' impiegano ciascuna soltanto due vocali, che si succedono in alternanza continua per tutta la composizione.","In Giuseppe Varaldo's 'I costretti sposi', the octaves 'Alternanza vocalica A/I' and 'Alternanza vocalica E/O' each use only two vowels, which alternate continuously throughout the composition.",desmos:displacement | desmos:substitution,,desmos:isovocalism | desmos:monovocalism,,,Vowel alternation acts by replacing the natural order of the vowels in the source textual string with a cyclic and regular binary sequence.,L'alternanza vocalica agisce sostituendo l'ordine naturale delle vocali della stringa testuale sorgente con una sequenza binaria ciclica e regolare.,desmos:vowel_alternation_EO | desmos:vowel_alternation_AI,,,,
desmos:vowel_alternation_AI,desmos:FormalConstraint | skos:Concept,Alternanza vocalica A/I,Vowel alternation A/I,Alternanza vocalica A/I,Vowel alternation A/I,,,desmos:FormalConstraintScheme,"Costrizione formale che ammette solo le vocali A e I, in alternanza continua e ciclica lungo tutto il testo.","Formal constraint admitting only the vowels A and I, alternating continuously and cyclically throughout the text.",desmos:letter,desmos:original,"In 'I costretti sposi' di Giuseppe Varaldo, l'ottava 'Alternanza vocalica A/I', che inizia 'Tra chi fa vita ricca, chi da schiavi / (ma in pratica si sfascia di fatica)', impiega soltanto le vocali A e I, alternate continuamente.","In Giuseppe Varaldo's 'I costretti sposi', the octave 'Alternanza vocalica A/I', beginning 'Tra chi fa vita ricca, chi da schiavi / (ma in pratica si sfascia di fatica)', uses only the vowels A and I in continuous alternation.",desmos:subtraction,desmos:vowel_alternation,,,,,,,,,,
desmos:vowel_alternation_EO,desmos:FormalConstraint | skos:Concept,Alternanza vocalica E/O,Vowel alternation E/O,Alternanza vocalica E/O,Vowel alternation E/O,,,desmos:FormalConstraintScheme,"Costrizione formale che ammette solo le vocali E e O, in alternanza continua e ciclica lungo tutto il testo.","Formal constraint admitting only the vowels E and O, alternating continuously and cyclically throughout the text.",desmos:letter,desmos:original,"In 'I costretti sposi' di Giuseppe Varaldo, l'ottava 'Alternanza vocalica E/O', che inizia 'Renzo è codesto fenomeno ver: / moderno e onesto eroe, nonché promesso', impiega soltanto le vocali E e O, alternate continuamente.","In Giuseppe Varaldo's 'I costretti sposi', the octave 'Alternanza vocalica E/O', beginning 'Renzo è codesto fenomeno ver: / moderno e onesto eroe, nonché promesso', uses only the vowels E and O in continuous alternation.",desmos:subtraction,desmos:vowel_alternation,,,,,,,,,,
desmos:vowel_slide,desmos:FormalConstraint | skos:Concept,Slittamento vocalico,Vowel slide,Slittamento vocalico,Vowel slide,,,desmos:FormalConstraintScheme,"Costrizione formale in cui la successione delle vocali segue un ciclo ordinato fisso (a-e-i-o-u o il retrogrado u-o-i-e-a): ogni vocale può ripetersi ad libitum oppure slittare solo verso la successiva nell'ordine prescritto; la prima e l'ultima vocale sono fisse, a garanzia della ciclicità.","Formal constraint in which the sequence of vowels follows a fixed ordered cycle (a-e-i-o-u or its retrograde u-o-i-e-a): each vowel may repeat ad libitum or slide only to the next one in the prescribed order; the first and last vowel are fixed, ensuring cyclicity.",desmos:letter,desmos:original,"In 'I costretti sposi' di Giuseppe Varaldo, le ottave 'Slittamento vocalico' e 'Slittamento vocalico inverso' ammettono per ciascuna vocale la ripetizione oppure il passaggio alla vocale successiva, rispettivamente secondo i cicli A-E-I-O-U e U-O-I-E-A.","In Giuseppe Varaldo's 'I costretti sposi', the octaves 'Slittamento vocalico' and 'Slittamento vocalico inverso' allow each vowel either to be repeated or to shift to the next vowel, following respectively the cycles A-E-I-O-U and U-O-I-E-A.",desmos:displacement | desmos:substitution,,desmos:isovocalism | desmos:progressive_vocalic_lipogram,,,"Vowel slide implies a controlled and oriented sequential shift along the ordered series of vowels {A, E, I, O, U}.","Lo slittamento vocalico implica uno spostamento sequenziale controllato e orientato lungo la serie ordinata delle vocali {A, E, I, O, U}.",desmos:vowel_slide_retrograde | desmos:vowel_slide_direct,,,,
desmos:vowel_slide_direct,desmos:FormalConstraint | skos:Concept,Slittamento vocalico diretto,Direct vowel slide,Slittamento vocalico diretto,Direct vowel slide,,,desmos:FormalConstraintScheme,"Costrizione formale in cui ogni vocale può ripetersi o slittare solo verso la successiva secondo l'ordine a-e-i-o-u; la prima vocale deve essere 'a' e l'ultima 'u', garantendo una progressione ciclica.","Formal constraint in which each vowel may repeat or slide only to the next one following the order a-e-i-o-u; the first vowel must be 'a' and the last 'u', ensuring a cyclic progression.",desmos:letter,desmos:original,"In 'I costretti sposi' di Giuseppe Varaldo, l'ottava 'Slittamento vocalico', che inizia 'Tra l'empio Don, un frate sempre in moto / una ragazza ""madre"" dissoluta', fa sì che ogni vocale possa ripetersi oppure avanzare alla successiva secondo il ciclo A-E-I-O-U.","In Giuseppe Varaldo's 'I costretti sposi', the octave 'Slittamento vocalico', beginning 'Tra l'empio Don, un frate sempre in moto / una ragazza ""madre"" dissoluta', allows each vowel either to be repeated or to advance to the next one in the A-E-I-O-U cycle.",desmos:displacement,desmos:vowel_slide,,,,,,,,,,
desmos:vowel_slide_retrograde,desmos:FormalConstraint | skos:Concept,Slittamento vocalico inverso,Retrograde vowel slide,Slittamento vocalico inverso,Retrograde vowel slide,,,desmos:FormalConstraintScheme,"Costrizione formale in cui ogni vocale può ripetersi o slittare solo verso la successiva secondo l'ordine retrogrado u-o-i-e-a; la prima vocale deve essere 'u' e l'ultima 'a', garantendo una progressione ciclica.","Formal constraint in which each vowel may repeat or slide only to the next one following the retrograde order u-o-i-e-a; the first vowel must be 'u' and the last 'a', ensuring a cyclic progression.",desmos:letter,desmos:original,"In 'tuo miele, casa' le vocali seguono la progressione u-o-i-e-e-a-a, compatibile con l’ordine retrogrado u-o-i-e-a.","In 'tuo miele, casa' the vowels follow the progression u-o-i-e-e-a-a, compatible with the retrograde order u-o-i-e-a.",desmos:displacement,desmos:vowel_slide,,,,,,,,,,
desmos:word_length_oscillation,desmos:FormalConstraint | skos:Concept,Oscillazione della lunghezza delle parole (N±1),Word length oscillation (N±1),Oscillazione della lunghezza delle parole (N±1),Word length oscillation (N±1),,,desmos:FormalConstraintScheme,Costrizione formale che vincola la lunghezza di ogni parola a essere esattamente di una lettera più lunga o più corta rispetto alla parola immediatamente precedente.,Formal constraint that requires each word to be exactly one letter longer or shorter than the immediately preceding word.,desmos:letter | desmos:word,desmos:original,Nella sequenza 'a re ora re ora' le lunghezze delle parole sono 1-2-3-2-3: ogni parola differisce dalla precedente di una sola lettera.,In the sequence 'a re ora re ora' the word lengths are 1-2-3-2-3: each word differs in length from the previous one by exactly one letter.,desmos:addition | desmos:subtraction,,,"The constraint was invented by Paolo Pergola in 'Lessico famigliare' (2012), 'La Biblioteca Oplepiana' n. 33.","La costrizione è stata inventata da Paolo Pergola in 'Lessico famigliare' (2012), 'La Biblioteca Oplepiana' n. 33.",,,,,,,